<?xml version="1.0" encoding="UTF-8"?>
<!DOCTYPE mapper PUBLIC "-//mybatis.org//DTD Mapper 3.0//EN" "http://mybatis.org/dtd/mybatis-3-mapper.dtd">
<mapper namespace="com.spr.web.flow.dao.IExecLineDao">

  <resultMap id="BaseResultMap" type="com.spr.web.flow.entity.ExecLine">
    <id column="id" jdbcType="VARCHAR" property="id" />
    <result column="sort" jdbcType="BIGINT" property="sort" />
    <result column="proc_def_id" jdbcType="VARCHAR" property="procDefId" />
    <result column="tl_line_id" jdbcType="VARCHAR" property="tlLineId" />
    <result column="proc_inst_id" jdbcType="VARCHAR" property="procInstId" />
    <result column="line_name" jdbcType="VARCHAR" property="lineName" />
    <result column="line_type" jdbcType="VARCHAR" property="lineType" />
    <result column="line_code" jdbcType="VARCHAR" property="lineCode" />
    <result column="line_alt" jdbcType="TINYINT" property="lineAlt" />
    <result column="mid_pos" jdbcType="DECIMAL" property="midPos" />
    <result column="pre_node_id" jdbcType="VARCHAR" property="preNodeId" />
    <result column="next_node_id" jdbcType="VARCHAR" property="nextNodeId" />
    <result column="status" jdbcType="SMALLINT" property="status" />
    <result column="create_by" jdbcType="VARCHAR" property="createBy" />
    <result column="update_by" jdbcType="VARCHAR" property="updateBy" />
    <result column="gmt_create" jdbcType="TIMESTAMP" property="gmtCreate" />
    <result column="gmt_modified" jdbcType="TIMESTAMP" property="gmtModified" />
  </resultMap>

  <sql id="Base_Column_List">
    id, sort, proc_def_id, tl_line_id, proc_inst_id, line_name, line_type, line_code, 
    line_alt, mid_pos, pre_node_id, next_node_id, status, create_by, update_by, gmt_create, 
    gmt_modified
  </sql>

  <select id="getById" parameterType="java.lang.String" resultMap="BaseResultMap">
    select 
    <include refid="Base_Column_List" />
    from flow_exec_line
    where id = #{id,jdbcType=VARCHAR}
  </select>
  
  
 

  <select id="countByCondition" parameterType="map" resultType="long">
    SELECT COUNT(*) FROM flow_exec_line
    <include refid="select_condition" />
  </select>

  <sql id="select_condition">
	  <where>
	     <if test="procInstId!=null">
	        proc_inst_id=#{procInstId}
	      </if>   
	  </where>
  </sql>

  <select id="selectListByCondition" parameterType="map" resultType="com.spr.web.flow.dto.exec.ExecLineDTO">
    select 
      id AS id,
      sort AS sort,
      proc_def_id AS procDefId,
      tl_line_id AS tlLineId,
      proc_inst_id AS procInstId,
      line_name AS lineName,
      line_type AS lineType,
      line_code AS lineCode,
      line_alt AS lineAlt,
      mid_pos AS midPos,
      pre_node_id AS preNodeId,
      next_node_id AS nextNodeId,
      status AS status,
      create_by AS createBy,
      update_by AS updateBy,
      gmt_create AS gmtCreate,
      gmt_modified AS gmtModified
    from flow_exec_line
    <include refid="select_condition" />
    <if test="sidx!=null and sord!=null">
      ORDER BY ${sidx} ${sord}
    </if>
    <if test="startQuery!=null and pageSize!=null">
      LIMIT #{startQuery},#{pageSize}  
    </if>
  </select>

  <select id="getDetailById" parameterType="java.lang.String" resultType="com.spr.web.flow.dto.exec.ExecLineDTO">
    SELECT 
      id AS id,
      sort AS sort,
      proc_def_id AS procDefId,
      tl_line_id AS tlLineId,
      proc_inst_id AS procInstId,
      line_name AS lineName,
      line_type AS lineType,
      line_code AS lineCode,
      line_alt AS lineAlt,
      mid_pos AS midPos,
      pre_node_id AS preNodeId,
      next_node_id AS nextNodeId,
      status AS status,
      create_by AS createBy,
      update_by AS updateBy,
      gmt_create AS gmtCreate,
      gmt_modified AS gmtModified
    FROM flow_exec_line

    WHERE id = #{id,jdbcType=VARCHAR}
  </select>
  
  <!-- 写操作 -->
  <delete id="deleteByProcInstId" parameterType="java.lang.String">
    delete from flow_exec_line
    where proc_inst_id = #{procInstId,jdbcType=VARCHAR}
  </delete>
  

  <delete id="deleteById" parameterType="java.lang.String">
    delete from flow_exec_line
    where id = #{id,jdbcType=VARCHAR}
  </delete>

  <insert id="insert" parameterType="com.spr.web.flow.entity.ExecLine">
    <selectKey keyProperty="id" order="BEFORE" resultType="java.lang.String">
      SELECT REPLACE(UUID(),'-','')
    </selectKey>
    insert into flow_exec_line (id, sort, proc_def_id, 
      tl_line_id, proc_inst_id, line_name, 
      line_type, line_code, line_alt, 
      mid_pos, pre_node_id, next_node_id, 
      status, create_by, update_by, 
      gmt_create, gmt_modified)
    values (#{id,jdbcType=VARCHAR}, #{sort,jdbcType=BIGINT}, #{procDefId,jdbcType=VARCHAR}, 
      #{tlLineId,jdbcType=VARCHAR}, #{procInstId,jdbcType=VARCHAR}, #{lineName,jdbcType=VARCHAR}, 
      #{lineType,jdbcType=VARCHAR}, #{lineCode,jdbcType=VARCHAR}, #{lineAlt,jdbcType=TINYINT}, 
      #{midPos,jdbcType=DECIMAL}, #{preNodeId,jdbcType=VARCHAR}, #{nextNodeId,jdbcType=VARCHAR}, 
      #{status,jdbcType=SMALLINT}, #{createBy,jdbcType=VARCHAR}, #{updateBy,jdbcType=VARCHAR}, 
      #{gmtCreate,jdbcType=TIMESTAMP}, #{gmtModified,jdbcType=TIMESTAMP})
  </insert>

  <insert id="insertSelective" parameterType="com.spr.web.flow.entity.ExecLine">
    <selectKey keyProperty="id" order="BEFORE" resultType="java.lang.String">
      SELECT REPLACE(UUID(),'-','')
    </selectKey>
    insert into flow_exec_line
    <trim prefix="(" suffix=")" suffixOverrides=",">
      id,
      <if test="sort != null">
        sort,
      </if>
      <if test="procDefId != null">
        proc_def_id,
      </if>
      <if test="tlLineId != null">
        tl_line_id,
      </if>
      <if test="procInstId != null">
        proc_inst_id,
      </if>
      <if test="lineName != null">
        line_name,
      </if>
      <if test="lineType != null">
        line_type,
      </if>
      <if test="lineCode != null">
        line_code,
      </if>
      <if test="lineAlt != null">
        line_alt,
      </if>
      <if test="midPos != null">
        mid_pos,
      </if>
      <if test="preNodeId != null">
        pre_node_id,
      </if>
      <if test="nextNodeId != null">
        next_node_id,
      </if>
      <if test="status != null">
        status,
      </if>
      <if test="createBy != null">
        create_by,
      </if>
      <if test="updateBy != null">
        update_by,
      </if>
      <if test="gmtCreate != null">
        gmt_create,
      </if>
      <if test="gmtModified != null">
        gmt_modified,
      </if>
    </trim>
    <trim prefix="values (" suffix=")" suffixOverrides=",">
      #{id,jdbcType=VARCHAR},
      <if test="sort != null">
        #{sort,jdbcType=BIGINT},
      </if>
      <if test="procDefId != null">
        #{procDefId,jdbcType=VARCHAR},
      </if>
      <if test="tlLineId != null">
        #{tlLineId,jdbcType=VARCHAR},
      </if>
      <if test="procInstId != null">
        #{procInstId,jdbcType=VARCHAR},
      </if>
      <if test="lineName != null">
        #{lineName,jdbcType=VARCHAR},
      </if>
      <if test="lineType != null">
        #{lineType,jdbcType=VARCHAR},
      </if>
      <if test="lineCode != null">
        #{lineCode,jdbcType=VARCHAR},
      </if>
      <if test="lineAlt != null">
        #{lineAlt,jdbcType=TINYINT},
      </if>
      <if test="midPos != null">
        #{midPos,jdbcType=DECIMAL},
      </if>
      <if test="preNodeId != null">
        #{preNodeId,jdbcType=VARCHAR},
      </if>
      <if test="nextNodeId != null">
        #{nextNodeId,jdbcType=VARCHAR},
      </if>
      <if test="status != null">
        #{status,jdbcType=SMALLINT},
      </if>
      <if test="createBy != null">
        #{createBy,jdbcType=VARCHAR},
      </if>
      <if test="updateBy != null">
        #{updateBy,jdbcType=VARCHAR},
      </if>
      <if test="gmtCreate != null">
        #{gmtCreate,jdbcType=TIMESTAMP},
      </if>
      <if test="gmtModified != null">
        #{gmtModified,jdbcType=TIMESTAMP},
      </if>
    </trim>
  </insert>

  <update id="updateSelective" parameterType="com.spr.web.flow.entity.ExecLine">
    update flow_exec_line
    <set>
      <if test="sort != null">
        sort = #{sort,jdbcType=BIGINT},
      </if>
      <if test="procDefId != null">
        proc_def_id = #{procDefId,jdbcType=VARCHAR},
      </if>
      <if test="tlLineId != null">
        tl_line_id = #{tlLineId,jdbcType=VARCHAR},
      </if>
      <if test="procInstId != null">
        proc_inst_id = #{procInstId,jdbcType=VARCHAR},
      </if>
      <if test="lineName != null">
        line_name = #{lineName,jdbcType=VARCHAR},
      </if>
      <if test="lineType != null">
        line_type = #{lineType,jdbcType=VARCHAR},
      </if>
      <if test="lineCode != null">
        line_code = #{lineCode,jdbcType=VARCHAR},
      </if>
      <if test="lineAlt != null">
        line_alt = #{lineAlt,jdbcType=TINYINT},
      </if>
      <if test="midPos != null">
        mid_pos = #{midPos,jdbcType=DECIMAL},
      </if>
      <if test="preNodeId != null">
        pre_node_id = #{preNodeId,jdbcType=VARCHAR},
      </if>
      <if test="nextNodeId != null">
        next_node_id = #{nextNodeId,jdbcType=VARCHAR},
      </if>
      <if test="status != null">
        status = #{status,jdbcType=SMALLINT},
      </if>
      <if test="createBy != null">
        create_by = #{createBy,jdbcType=VARCHAR},
      </if>
      <if test="updateBy != null">
        update_by = #{updateBy,jdbcType=VARCHAR},
      </if>
      <if test="gmtCreate != null">
        gmt_create = #{gmtCreate,jdbcType=TIMESTAMP},
      </if>
      <if test="gmtModified != null">
        gmt_modified = #{gmtModified,jdbcType=TIMESTAMP},
      </if>
    </set>
    where id = #{id,jdbcType=VARCHAR}
  </update>

  <update id="update" parameterType="com.spr.web.flow.entity.ExecLine">
    update flow_exec_line
    set sort = #{sort,jdbcType=BIGINT},
      proc_def_id = #{procDefId,jdbcType=VARCHAR},
      tl_line_id = #{tlLineId,jdbcType=VARCHAR},
      proc_inst_id = #{procInstId,jdbcType=VARCHAR},
      line_name = #{lineName,jdbcType=VARCHAR},
      line_type = #{lineType,jdbcType=VARCHAR},
      line_code = #{lineCode,jdbcType=VARCHAR},
      line_alt = #{lineAlt,jdbcType=TINYINT},
      mid_pos = #{midPos,jdbcType=DECIMAL},
      pre_node_id = #{preNodeId,jdbcType=VARCHAR},
      next_node_id = #{nextNodeId,jdbcType=VARCHAR},
      status = #{status,jdbcType=SMALLINT},
      create_by = #{createBy,jdbcType=VARCHAR},
      update_by = #{updateBy,jdbcType=VARCHAR},
      gmt_create = #{gmtCreate,jdbcType=TIMESTAMP},
      gmt_modified = #{gmtModified,jdbcType=TIMESTAMP}
    where id = #{id,jdbcType=VARCHAR}
  </update>
</mapper>