<?xml version="1.0" encoding="UTF-8"?>
<!DOCTYPE mapper PUBLIC "-//mybatis.org//DTD Mapper 3.0//EN" "http://mybatis.org/dtd/mybatis-3-mapper.dtd">
<mapper namespace="com.spr.web.flow.dao.IExecNodeDao">

  <resultMap id="BaseResultMap" type="com.spr.web.flow.entity.ExecNode">
    <id column="id" jdbcType="VARCHAR" property="id" />
    <result column="sort" jdbcType="BIGINT" property="sort" />
    <result column="proc_def_id" jdbcType="VARCHAR" property="procDefId" />
    <result column="tl_node_id" jdbcType="VARCHAR" property="tlNodeId" />
    <result column="data_id" jdbcType="VARCHAR" property="dataId" />
    <result column="data_type" jdbcType="VARCHAR" property="dataType" />
    <result column="proc_inst_id" jdbcType="VARCHAR" property="procInstId" />
    <result column="progress_text" jdbcType="VARCHAR" property="progressText" />
    <result column="node_name" jdbcType="VARCHAR" property="nodeName" />
    <result column="node_code" jdbcType="VARCHAR" property="nodeCode" />
    <result column="node_type" jdbcType="VARCHAR" property="nodeType" />
    <result column="left_pos" jdbcType="DECIMAL" property="leftPos" />
    <result column="top_pos" jdbcType="DECIMAL" property="topPos" />
    <result column="width" jdbcType="VARCHAR" property="width" />
    <result column="height" jdbcType="VARCHAR" property="height" />
    <result column="sub_def_id" jdbcType="VARCHAR" property="subDefId" />
    <result column="proc_type" jdbcType="VARCHAR" property="procType" />
    <result column="title" jdbcType="VARCHAR" property="title" />
    <result column="requirement" jdbcType="VARCHAR" property="requirement" />
    <result column="note" jdbcType="VARCHAR" property="note" />
    <result column="limit_day" jdbcType="INTEGER" property="limitDay" />
    <result column="duty_depart_id" jdbcType="VARCHAR" property="dutyDepartId" />
    <result column="duty_user_id" jdbcType="VARCHAR" property="dutyUserId" />
    <result column="allot_strategy" jdbcType="SMALLINT" property="allotStrategy" />
    <result column="start_time" jdbcType="TIMESTAMP" property="startTime" />
    <result column="status" jdbcType="SMALLINT" property="status" />
    <result column="check_status" jdbcType="SMALLINT" property="checkStatus" />
    <result column="flow_status" jdbcType="SMALLINT" property="flowStatus" />
    <result column="flag" jdbcType="SMALLINT" property="flag" />
    <result column="create_by" jdbcType="VARCHAR" property="createBy" />
    <result column="update_by" jdbcType="VARCHAR" property="updateBy" />
    <result column="gmt_create" jdbcType="TIMESTAMP" property="gmtCreate" />
    <result column="gmt_modified" jdbcType="TIMESTAMP" property="gmtModified" />
  </resultMap>

  <sql id="Base_Column_List">
    id, sort, proc_def_id, tl_node_id, data_id, data_type, proc_inst_id, progress_text, 
    node_name, node_code, node_type, left_pos, top_pos, width, height, sub_def_id, proc_type, 
    title, requirement, note, limit_day, duty_depart_id, duty_user_id, allot_strategy, 
    start_time, status, check_status, flow_status, flag, create_by, update_by, gmt_create, 
    gmt_modified
  </sql>

  <select id="getById" parameterType="java.lang.String" resultMap="BaseResultMap">
    select 
    <include refid="Base_Column_List" />
    from flow_exec_node
    where id = #{id,jdbcType=VARCHAR}
  </select>
  
   <select id="getNextNodeByPreNodeId" parameterType="java.lang.String" resultMap="BaseResultMap">
    SELECT
		n.*
	FROM
		flow_exec_line l
	LEFT JOIN flow_exec_node n ON l.next_node_id = n.id
    where l.pre_node_id = #{preNodeId,jdbcType=VARCHAR}
  </select>
  
   <select id="getPreNodeByNextNodeId" parameterType="java.lang.String" resultMap="BaseResultMap">
    SELECT
		p.*
	FROM
		flow_exec_line l
	LEFT JOIN flow_exec_node p ON l.pre_node_id= p.id
    where l.next_node_id = #{preNodeId,jdbcType=VARCHAR}
  </select>

  <select id="countByCondition" parameterType="map" resultType="long">
    SELECT COUNT(*) FROM flow_exec_node a
    <include refid="select_condition" />
  </select>

  <sql id="select_condition">
    <where>
      <if test="id!=null">
        a.ID=#{id}
      </if>
      <if test="sort!=null">
        AND a.SORT=#{sort}
      </if>
      <if test="procDefId!=null">
        AND a.PROC_DEF_ID=#{procDefId}
      </if>
      <if test="tlNodeId!=null">
        AND a.TL_NODE_ID=#{tlNodeId}
      </if>
      <if test="dataId!=null">
        AND a.DATA_ID=#{dataId}
      </if>
      <if test="dataType!=null">
        AND a.DATA_TYPE=#{dataType}
      </if>
      <if test="procInstId!=null">
        AND a.PROC_INST_ID=#{procInstId}
      </if>
      <if test="progressText!=null">
        AND a.PROGRESS_TEXT=#{progressText}
      </if>
      <if test="nodeName!=null">
        AND a.NODE_NAME=#{nodeName}
      </if>
      <if test="nodeCode!=null">
        AND a.NODE_CODE=#{nodeCode}
      </if>
      <if test="nodeType!=null">
        AND a.NODE_TYPE=#{nodeType}
      </if>
      <if test="leftPos!=null">
        AND a.LEFT_POS=#{leftPos}
      </if>
      <if test="topPos!=null">
        AND a.TOP_POS=#{topPos}
      </if>
      <if test="width!=null">
        AND a.WIDTH=#{width}
      </if>
      <if test="height!=null">
        AND a.HEIGHT=#{height}
      </if>
      <if test="subDefId!=null">
        AND a.SUB_DEF_ID=#{subDefId}
      </if>
      <if test="procType!=null">
        AND a.PROC_TYPE=#{procType}
      </if>
      <if test="title!=null">
        AND a.TITLE=#{title}
      </if>
      <if test="requirement!=null">
        AND a.REQUIREMENT=#{requirement}
      </if>
      <if test="note!=null">
        AND a.NOTE=#{note}
      </if>
      <if test="limitDay!=null">
        AND a.LIMIT_DAY=#{limitDay}
      </if>
      <if test="dutyDepartId!=null">
        AND a.DUTY_DEPART_ID=#{dutyDepartId}
      </if>
      <if test="dutyUserId!=null">
        AND a.DUTY_USER_ID=#{dutyUserId}
      </if>
      <if test="allotStrategy!=null">
        AND a.ALLOT_STRATEGY=#{allotStrategy}
      </if>
      <if test="startTime!=null">
        AND a.START_TIME=#{startTime}
      </if>
      <if test="status!=null">
        AND a.STATUS=#{status}
      </if>
      <if test="checkStatus!=null">
        AND a.CHECK_STATUS=#{checkStatus}
      </if>
      <if test="flowStatus!=null">
        AND a.FLOW_STATUS=#{flowStatus}
      </if>
      <if test="flag!=null">
        AND a.FLAG=#{flag}
      </if>
      <if test="createBy!=null">
        AND a.CREATE_BY=#{createBy}
      </if>
      <if test="updateBy!=null">
        AND a.UPDATE_BY=#{updateBy}
      </if>
      <if test="gmtCreate!=null">
        AND a.GMT_CREATE=#{gmtCreate}
      </if>
      <if test="gmtModified!=null">
        AND a.GMT_MODIFIED=#{gmtModified}
      </if>
    </where>
  </sql>

  <select id="selectListByCondition" parameterType="map" resultType="com.spr.web.flow.dto.exec.ExecNodeDTO">
    select 
      a.id AS id,
      a.sort AS sort,
      a.proc_def_id AS procDefId,
      a.tl_node_id AS tlNodeId,
      a.data_id AS dataId,
      a.data_type AS dataType,
      a.proc_inst_id AS procInstId,
      a.progress_text AS progressText,
      a.node_name AS nodeName,
      a.node_code AS nodeCode,
      a.node_type AS nodeType,
      a.left_pos AS leftPos,
      a.top_pos AS topPos,
      a.width AS width,
      a.height AS height,
      a.sub_def_id AS subDefId,
      a.proc_type AS procType,
      a.title AS title,
      a.requirement AS requirement,
      a.note AS note,
      a.limit_day AS limitDay,
      a.duty_depart_id AS dutyDepartId,
      a.duty_user_id AS dutyUserId,
      a.allot_strategy AS allotStrategy,
      a.start_time AS startTime,
      a.status AS status,
      a.check_status AS checkStatus,
      a.flow_status AS flowStatus,
      a.flag AS flag,
      a.create_by AS createBy,
      a.update_by AS updateBy,
      a.gmt_create AS gmtCreate,
      a.gmt_modified AS gmtModified
    from flow_exec_node a
    <include refid="select_condition" />
    <if test="sidx!=null and sord!=null">
      ORDER BY ${sidx} ${sord}
    </if>
    <if test="startQuery!=null and pageSize!=null">
      LIMIT #{startQuery},#{pageSize}  
    </if>
  </select>
  
  <select id="getDetailByCondition" parameterType="map" resultType="com.spr.web.flow.dto.exec.ExecNodeDTO">
    SELECT 
      a.ID AS id,
      a.SORT AS sort,
      a.PROC_DEF_ID AS procDefId,
      a.TL_NODE_ID AS tlNodeId,
      a.DATA_ID AS dataId,
      a.DATA_TYPE AS dataType,
      a.PROC_INST_ID AS procInstId,
      a.PROGRESS_TEXT AS progressText,
      a.NODE_NAME AS nodeName,
      a.NODE_CODE AS nodeCode,
      a.NODE_TYPE AS nodeType,
      a.LEFT_POS AS leftPos,
      a.TOP_POS AS topPos,
      a.WIDTH AS width,
      a.HEIGHT AS height,
      a.SUB_DEF_ID AS subDefId,
      a.PROC_TYPE AS procType,
      a.TITLE AS title,
      a.REQUIREMENT AS requirement,
      a.NOTE AS note,
      a.LIMIT_DAY AS limitDay,
      a.DUTY_DEPART_ID AS dutyDepartId,
      a.DUTY_USER_ID AS dutyUserId,
      a.ALLOT_STRATEGY AS allotStrategy,
      a.START_TIME AS startTime,
      a.STATUS AS status,
      a.CHECK_STATUS AS checkStatus,
      a.FLOW_STATUS AS flowStatus,
      a.FLAG AS flag,
      a.CREATE_BY AS createBy,
      a.UPDATE_BY AS updateBy,
      a.GMT_CREATE AS gmtCreate,
      a.GMT_MODIFIED AS gmtModified,
      b.process_name AS procDefName
    FROM FLOW_EXEC_NODE a
    LEFT JOIN flow_proc_def b on a.proc_def_id = b.id
	<include refid="select_condition" />
  </select>

  <select id="getDetailById" parameterType="java.lang.String" resultType="com.spr.web.flow.dto.exec.ExecNodeDTO">
    SELECT 
      id AS id,
      sort AS sort,
      proc_def_id AS procDefId,
      tl_node_id AS tlNodeId,
      data_id AS dataId,
      data_type AS dataType,
      proc_inst_id AS procInstId,
      progress_text AS progressText,
      node_name AS nodeName,
      node_code AS nodeCode,
      node_type AS nodeType,
      left_pos AS leftPos,
      top_pos AS topPos,
      width AS width,
      height AS height,
      sub_def_id AS subDefId,
      proc_type AS procType,
      title AS title,
      requirement AS requirement,
      note AS note,
      limit_day AS limitDay,
      duty_depart_id AS dutyDepartId,
      duty_user_id AS dutyUserId,
      allot_strategy AS allotStrategy,
      start_time AS startTime,
      status AS status,
      check_status AS checkStatus,
      flow_status AS flowStatus,
      flag AS flag,
      create_by AS createBy,
      update_by AS updateBy,
      gmt_create AS gmtCreate,
      gmt_modified AS gmtModified
    FROM flow_exec_node

    WHERE id = #{id,jdbcType=VARCHAR}
  </select>
  
  
  <!-- 写操作 -->
  <delete id="deleteByProcInstId" parameterType="java.lang.String">
    delete from flow_exec_node
    where proc_inst_id = #{procInstId,jdbcType=VARCHAR}
  </delete>

  <delete id="deleteById" parameterType="java.lang.String">
    delete from flow_exec_node
    where id = #{id,jdbcType=VARCHAR}
  </delete>

  <insert id="insert" parameterType="com.spr.web.flow.entity.ExecNode">
    <selectKey keyProperty="id" order="BEFORE" resultType="java.lang.String">
      SELECT REPLACE(UUID(),'-','')
    </selectKey>
    insert into flow_exec_node (id, sort, proc_def_id, 
      tl_node_id, data_id, data_type, 
      proc_inst_id, progress_text, node_name, 
      node_code, node_type, left_pos, 
      top_pos, width, height, 
      sub_def_id, proc_type, title, 
      requirement, note, limit_day, 
      duty_depart_id, duty_user_id, allot_strategy, 
      start_time, status, check_status, 
      flow_status, flag, create_by, 
      update_by, gmt_create, gmt_modified
      )
    values (#{id,jdbcType=VARCHAR}, #{sort,jdbcType=BIGINT}, #{procDefId,jdbcType=VARCHAR}, 
      #{tlNodeId,jdbcType=VARCHAR}, #{dataId,jdbcType=VARCHAR}, #{dataType,jdbcType=VARCHAR}, 
      #{procInstId,jdbcType=VARCHAR}, #{progressText,jdbcType=VARCHAR}, #{nodeName,jdbcType=VARCHAR}, 
      #{nodeCode,jdbcType=VARCHAR}, #{nodeType,jdbcType=VARCHAR}, #{leftPos,jdbcType=DECIMAL}, 
      #{topPos,jdbcType=DECIMAL}, #{width,jdbcType=VARCHAR}, #{height,jdbcType=VARCHAR}, 
      #{subDefId,jdbcType=VARCHAR}, #{procType,jdbcType=VARCHAR}, #{title,jdbcType=VARCHAR}, 
      #{requirement,jdbcType=VARCHAR}, #{note,jdbcType=VARCHAR}, #{limitDay,jdbcType=INTEGER}, 
      #{dutyDepartId,jdbcType=VARCHAR}, #{dutyUserId,jdbcType=VARCHAR}, #{allotStrategy,jdbcType=SMALLINT}, 
      #{startTime,jdbcType=TIMESTAMP}, #{status,jdbcType=SMALLINT}, #{checkStatus,jdbcType=SMALLINT}, 
      #{flowStatus,jdbcType=SMALLINT}, #{flag,jdbcType=SMALLINT}, #{createBy,jdbcType=VARCHAR}, 
      #{updateBy,jdbcType=VARCHAR}, #{gmtCreate,jdbcType=TIMESTAMP}, #{gmtModified,jdbcType=TIMESTAMP}
      )
  </insert>

  <insert id="insertSelective" parameterType="com.spr.web.flow.entity.ExecNode">
    <selectKey keyProperty="id" order="BEFORE" resultType="java.lang.String">
      SELECT REPLACE(UUID(),'-','')
    </selectKey>
    insert into flow_exec_node
    <trim prefix="(" suffix=")" suffixOverrides=",">
      id,
      <if test="sort != null">
        sort,
      </if>
      <if test="procDefId != null">
        proc_def_id,
      </if>
      <if test="tlNodeId != null">
        tl_node_id,
      </if>
      <if test="dataId != null">
        data_id,
      </if>
      <if test="dataType != null">
        data_type,
      </if>
      <if test="procInstId != null">
        proc_inst_id,
      </if>
      <if test="progressText != null">
        progress_text,
      </if>
      <if test="nodeName != null">
        node_name,
      </if>
      <if test="nodeCode != null">
        node_code,
      </if>
      <if test="nodeType != null">
        node_type,
      </if>
      <if test="leftPos != null">
        left_pos,
      </if>
      <if test="topPos != null">
        top_pos,
      </if>
      <if test="width != null">
        width,
      </if>
      <if test="height != null">
        height,
      </if>
      <if test="subDefId != null">
        sub_def_id,
      </if>
      <if test="procType != null">
        proc_type,
      </if>
      <if test="title != null">
        title,
      </if>
      <if test="requirement != null">
        requirement,
      </if>
      <if test="note != null">
        note,
      </if>
      <if test="limitDay != null">
        limit_day,
      </if>
      <if test="dutyDepartId != null">
        duty_depart_id,
      </if>
      <if test="dutyUserId != null">
        duty_user_id,
      </if>
      <if test="allotStrategy != null">
        allot_strategy,
      </if>
      <if test="startTime != null">
        start_time,
      </if>
      <if test="status != null">
        status,
      </if>
      <if test="checkStatus != null">
        check_status,
      </if>
      <if test="flowStatus != null">
        flow_status,
      </if>
      <if test="flag != null">
        flag,
      </if>
      <if test="createBy != null">
        create_by,
      </if>
      <if test="updateBy != null">
        update_by,
      </if>
      <if test="gmtCreate != null">
        gmt_create,
      </if>
      <if test="gmtModified != null">
        gmt_modified,
      </if>
    </trim>
    <trim prefix="values (" suffix=")" suffixOverrides=",">
      #{id,jdbcType=VARCHAR},
      <if test="sort != null">
        #{sort,jdbcType=BIGINT},
      </if>
      <if test="procDefId != null">
        #{procDefId,jdbcType=VARCHAR},
      </if>
      <if test="tlNodeId != null">
        #{tlNodeId,jdbcType=VARCHAR},
      </if>
      <if test="dataId != null">
        #{dataId,jdbcType=VARCHAR},
      </if>
      <if test="dataType != null">
        #{dataType,jdbcType=VARCHAR},
      </if>
      <if test="procInstId != null">
        #{procInstId,jdbcType=VARCHAR},
      </if>
      <if test="progressText != null">
        #{progressText,jdbcType=VARCHAR},
      </if>
      <if test="nodeName != null">
        #{nodeName,jdbcType=VARCHAR},
      </if>
      <if test="nodeCode != null">
        #{nodeCode,jdbcType=VARCHAR},
      </if>
      <if test="nodeType != null">
        #{nodeType,jdbcType=VARCHAR},
      </if>
      <if test="leftPos != null">
        #{leftPos,jdbcType=DECIMAL},
      </if>
      <if test="topPos != null">
        #{topPos,jdbcType=DECIMAL},
      </if>
      <if test="width != null">
        #{width,jdbcType=VARCHAR},
      </if>
      <if test="height != null">
        #{height,jdbcType=VARCHAR},
      </if>
      <if test="subDefId != null">
        #{subDefId,jdbcType=VARCHAR},
      </if>
      <if test="procType != null">
        #{procType,jdbcType=VARCHAR},
      </if>
      <if test="title != null">
        #{title,jdbcType=VARCHAR},
      </if>
      <if test="requirement != null">
        #{requirement,jdbcType=VARCHAR},
      </if>
      <if test="note != null">
        #{note,jdbcType=VARCHAR},
      </if>
      <if test="limitDay != null">
        #{limitDay,jdbcType=INTEGER},
      </if>
      <if test="dutyDepartId != null">
        #{dutyDepartId,jdbcType=VARCHAR},
      </if>
      <if test="dutyUserId != null">
        #{dutyUserId,jdbcType=VARCHAR},
      </if>
      <if test="allotStrategy != null">
        #{allotStrategy,jdbcType=SMALLINT},
      </if>
      <if test="startTime != null">
        #{startTime,jdbcType=TIMESTAMP},
      </if>
      <if test="status != null">
        #{status,jdbcType=SMALLINT},
      </if>
      <if test="checkStatus != null">
        #{checkStatus,jdbcType=SMALLINT},
      </if>
      <if test="flowStatus != null">
        #{flowStatus,jdbcType=SMALLINT},
      </if>
      <if test="flag != null">
        #{flag,jdbcType=SMALLINT},
      </if>
      <if test="createBy != null">
        #{createBy,jdbcType=VARCHAR},
      </if>
      <if test="updateBy != null">
        #{updateBy,jdbcType=VARCHAR},
      </if>
      <if test="gmtCreate != null">
        #{gmtCreate,jdbcType=TIMESTAMP},
      </if>
      <if test="gmtModified != null">
        #{gmtModified,jdbcType=TIMESTAMP},
      </if>
    </trim>
  </insert>
  
  <update id="updateAllByCondition" parameterType="map">
  	update flow_exec_node
  	<set>
      <if test="status != null">
        status = #{status,jdbcType=SMALLINT},
      </if>
      <if test="flowStatus != null">
        flow_status = #{flowStatus,jdbcType=SMALLINT},
      </if>
  	</set>
  	<where>
  		<if test="queryProcInstId!=null">
  			proc_inst_id = #{queryProcInstId,jdbcType=VARCHAR}
  		</if>
  		<if test="queryDataId!=null">
  			AND data_id = #{queryDataId,jdbcType=VARCHAR}
  		</if>
  		<if test="queryStatus!=null">
  			AND status = #{queryStatus}
  		</if>
  	</where>
  </update>
  
  
  <update id="updateSelective" parameterType="com.spr.web.flow.entity.ExecNode">
    update flow_exec_node
    <set>
      <if test="procDefId != null">
        proc_def_id = #{procDefId,jdbcType=VARCHAR},
      </if>
      <if test="tlNodeId != null">
        tl_node_id = #{tlNodeId,jdbcType=VARCHAR},
      </if>
      <if test="dataId != null">
        data_id = #{dataId,jdbcType=VARCHAR},
      </if>
      <if test="dataType != null">
        data_type = #{dataType,jdbcType=VARCHAR},
      </if>
      <if test="procInstId != null">
        proc_inst_id = #{procInstId,jdbcType=VARCHAR},
      </if>
      <if test="progressText != null">
        progress_text = #{progressText,jdbcType=VARCHAR},
      </if>
      <if test="nodeName != null">
        node_name = #{nodeName,jdbcType=VARCHAR},
      </if>
      <if test="nodeCode != null">
        node_code = #{nodeCode,jdbcType=VARCHAR},
      </if>
      <if test="nodeType != null">
        node_type = #{nodeType,jdbcType=VARCHAR},
      </if>
      <if test="leftPos != null">
        left_pos = #{leftPos,jdbcType=DECIMAL},
      </if>
      <if test="topPos != null">
        top_pos = #{topPos,jdbcType=DECIMAL},
      </if>
      <if test="width != null">
        width = #{width,jdbcType=VARCHAR},
      </if>
      <if test="height != null">
        height = #{height,jdbcType=VARCHAR},
      </if>
      <if test="subDefId != null">
        sub_def_id = #{subDefId,jdbcType=VARCHAR},
      </if>
      <if test="procType != null">
        proc_type = #{procType,jdbcType=VARCHAR},
      </if>
      <if test="title != null">
        title = #{title,jdbcType=VARCHAR},
      </if>
      <if test="requirement != null">
        requirement = #{requirement,jdbcType=VARCHAR},
      </if>
      <if test="note != null">
        note = #{note,jdbcType=VARCHAR},
      </if>
      <if test="limitDay != null">
        limit_day = #{limitDay,jdbcType=INTEGER},
      </if>
      <if test="dutyDepartId != null">
        duty_depart_id = #{dutyDepartId,jdbcType=VARCHAR},
      </if>
      <if test="dutyUserId != null">
        duty_user_id = #{dutyUserId,jdbcType=VARCHAR},
      </if>
      <if test="allotStrategy != null">
        allot_strategy = #{allotStrategy,jdbcType=SMALLINT},
      </if>
      <if test="startTime != null">
        start_time = #{startTime,jdbcType=TIMESTAMP},
      </if>
      <if test="status != null">
        status = #{status,jdbcType=SMALLINT},
      </if>
      <if test="checkStatus != null">
        check_status = #{checkStatus,jdbcType=SMALLINT},
      </if>
      <if test="flowStatus != null">
        flow_status = #{flowStatus,jdbcType=SMALLINT},
      </if>
      <if test="flag != null">
        flag = #{flag,jdbcType=SMALLINT},
      </if>
      <if test="createBy != null">
        create_by = #{createBy,jdbcType=VARCHAR},
      </if>
      <if test="updateBy != null">
        update_by = #{updateBy,jdbcType=VARCHAR},
      </if>
      <if test="gmtCreate != null">
        gmt_create = #{gmtCreate,jdbcType=TIMESTAMP},
      </if>
      <if test="gmtModified != null">
        gmt_modified = #{gmtModified,jdbcType=TIMESTAMP},
      </if>
    </set>
    where id = #{id,jdbcType=VARCHAR}
  </update>

  <update id="update" parameterType="com.spr.web.flow.entity.ExecNode">
    update flow_exec_node
    set
      proc_def_id = #{procDefId,jdbcType=VARCHAR},
      tl_node_id = #{tlNodeId,jdbcType=VARCHAR},
      data_id = #{dataId,jdbcType=VARCHAR},
      data_type = #{dataType,jdbcType=VARCHAR},
      proc_inst_id = #{procInstId,jdbcType=VARCHAR},
      progress_text = #{progressText,jdbcType=VARCHAR},
      node_name = #{nodeName,jdbcType=VARCHAR},
      node_code = #{nodeCode,jdbcType=VARCHAR},
      node_type = #{nodeType,jdbcType=VARCHAR},
      left_pos = #{leftPos,jdbcType=DECIMAL},
      top_pos = #{topPos,jdbcType=DECIMAL},
      width = #{width,jdbcType=VARCHAR},
      height = #{height,jdbcType=VARCHAR},
      sub_def_id = #{subDefId,jdbcType=VARCHAR},
      proc_type = #{procType,jdbcType=VARCHAR},
      title = #{title,jdbcType=VARCHAR},
      requirement = #{requirement,jdbcType=VARCHAR},
      note = #{note,jdbcType=VARCHAR},
      limit_day = #{limitDay,jdbcType=INTEGER},
      duty_depart_id = #{dutyDepartId,jdbcType=VARCHAR},
      duty_user_id = #{dutyUserId,jdbcType=VARCHAR},
      allot_strategy = #{allotStrategy,jdbcType=SMALLINT},
      start_time = #{startTime,jdbcType=TIMESTAMP},
      status = #{status,jdbcType=SMALLINT},
      check_status = #{checkStatus,jdbcType=SMALLINT},
      flow_status = #{flowStatus,jdbcType=SMALLINT},
      flag = #{flag,jdbcType=SMALLINT},
      create_by = #{createBy,jdbcType=VARCHAR},
      update_by = #{updateBy,jdbcType=VARCHAR},
      gmt_create = #{gmtCreate,jdbcType=TIMESTAMP},
      gmt_modified = #{gmtModified,jdbcType=TIMESTAMP}
    where id = #{id,jdbcType=VARCHAR}
  </update>
</mapper>