<?xml version="1.0" encoding="UTF-8"?>
<!DOCTYPE mapper PUBLIC "-//mybatis.org//DTD Mapper 3.0//EN" "http://mybatis.org/dtd/mybatis-3-mapper.dtd">
<mapper namespace="com.spr.web.flow.dao.IExecIdentitylinkDao">

  <resultMap id="BaseResultMap" type="com.spr.web.flow.entity.ExecIdentitylink">
    <id column="id" jdbcType="VARCHAR" property="id" />
    <result column="sort" jdbcType="BIGINT" property="sort" />
    <result column="proc_def_id" jdbcType="VARCHAR" property="procDefId" />
    <result column="proc_inst_id" jdbcType="VARCHAR" property="procInstId" />
    <result column="node_id" jdbcType="VARCHAR" property="nodeId" />
    <result column="user_id" jdbcType="VARCHAR" property="userId" />
    <result column="depart_id" jdbcType="VARCHAR" property="departId" />
    <result column="type" jdbcType="SMALLINT" property="type" />
    <result column="status" jdbcType="SMALLINT" property="status" />
    <result column="create_by" jdbcType="VARCHAR" property="createBy" />
    <result column="update_by" jdbcType="VARCHAR" property="updateBy" />
    <result column="gmt_create" jdbcType="TIMESTAMP" property="gmtCreate" />
    <result column="gmt_modified" jdbcType="TIMESTAMP" property="gmtModified" />
  </resultMap>

  <sql id="Base_Column_List">
    id, sort, proc_def_id, proc_inst_id, node_id, user_id, depart_id, type, status, create_by, 
    update_by, gmt_create, gmt_modified
  </sql>

  <select id="getById" parameterType="java.lang.String" resultMap="BaseResultMap">
    select 
    <include refid="Base_Column_List" />
    from flow_exec_identitylink
    where id = #{id,jdbcType=VARCHAR}
  </select>

  <select id="countByCondition" parameterType="map" resultType="long">
    SELECT COUNT(*) FROM flow_exec_identitylink
    <include refid="select_condition" />
  </select>

  <sql id="select_condition">
    <where>
     <if test="nodeId!=null">
       node_id = #{nodeId}   
      </if>
     <if test="procInstId!=null">
       proc_inst_id = #{procInstId}   
      </if>
      <if test="userId!=null">
       AND user_id = #{userId}   
      </if>
      <if test="nodeIds!=null">
       AND node_id in <foreach collection="nodeIds" item="nid" open="(" close=")" separator=",">#{nid}</foreach>      
      </if>
    </where>

  </sql>

  <select id="selectListByCondition" parameterType="map" resultType="com.spr.web.flow.dto.exec.ExecIdentitylinkDTO">
    select 
      id AS id,
      sort AS sort,
      proc_def_id AS procDefId,
      proc_inst_id AS procInstId,
      node_id AS nodeId,
      user_id AS userId,
      depart_id AS departId,
      type AS type,
      status AS status,
      create_by AS createBy,
      update_by AS updateBy,
      gmt_create AS gmtCreate,
      gmt_modified AS gmtModified
    from flow_exec_identitylink
    <include refid="select_condition" />
    <if test="sidx!=null and sord!=null">
      ORDER BY ${sidx} ${sord}
    </if>
    <if test="startQuery!=null and pageSize!=null">
      LIMIT #{startQuery},#{pageSize}  
    </if>
  </select>

  <select id="getDetailById" parameterType="java.lang.String" resultType="com.spr.web.flow.dto.exec.ExecIdentitylinkDTO">
    SELECT 
      id AS id,
      sort AS sort,
      proc_def_id AS procDefId,
      proc_inst_id AS procInstId,
      node_id AS nodeId,
      user_id AS userId,
      depart_id AS departId,
      type AS type,
      status AS status,
      create_by AS createBy,
      update_by AS updateBy,
      gmt_create AS gmtCreate,
      gmt_modified AS gmtModified
    FROM flow_exec_identitylink

    WHERE id = #{id,jdbcType=VARCHAR}
  </select>
  
   <select id="getUserInfoByNodeId" resultType="com.spr.web.system.dto.user.WeiUserDTO">  
  	SELECT
		u.id,
		u.user_name userName,
		u.chinese_name chineseName,
		unit.unit_name unitName
	FROM
		flow_exec_identitylink il
	LEFT JOIN c_user u ON il.user_id = u.id 
	LEFT JOIN c_unit unit ON u.unit_id = unit.id
	WHERE il.node_id=#{nodeId}			
   </select>


  <!-- 写操作 -->
 <delete id="deleteByProcInstId" parameterType="java.lang.String">
    delete from flow_exec_identitylink
    where proc_inst_id = #{procInstId,jdbcType=VARCHAR}
  </delete>

  <delete id="deleteById" parameterType="java.lang.String">
    delete from flow_exec_identitylink
    where id = #{id,jdbcType=VARCHAR}
  </delete>

  <insert id="insert" parameterType="com.spr.web.flow.entity.ExecIdentitylink">
    <selectKey keyProperty="id" order="BEFORE" resultType="java.lang.String">
      SELECT REPLACE(UUID(),'-','')
    </selectKey>
    insert into flow_exec_identitylink (id, sort, proc_def_id, 
      proc_inst_id, node_id, user_id, 
      depart_id, type, status, 
      create_by, update_by, gmt_create, 
      gmt_modified)
    values (#{id,jdbcType=VARCHAR}, #{sort,jdbcType=BIGINT}, #{procDefId,jdbcType=VARCHAR}, 
      #{procInstId,jdbcType=VARCHAR}, #{nodeId,jdbcType=VARCHAR}, #{userId,jdbcType=VARCHAR}, 
      #{departId,jdbcType=VARCHAR}, #{type,jdbcType=SMALLINT}, #{status,jdbcType=SMALLINT}, 
      #{createBy,jdbcType=VARCHAR}, #{updateBy,jdbcType=VARCHAR}, #{gmtCreate,jdbcType=TIMESTAMP}, 
      #{gmtModified,jdbcType=TIMESTAMP})
  </insert>

  <insert id="insertSelective" parameterType="com.spr.web.flow.entity.ExecIdentitylink">
    <selectKey keyProperty="id" order="BEFORE" resultType="java.lang.String">
      SELECT REPLACE(UUID(),'-','')
    </selectKey>
    insert into flow_exec_identitylink
    <trim prefix="(" suffix=")" suffixOverrides=",">
      id,
      <if test="sort != null">
        sort,
      </if>
      <if test="procDefId != null">
        proc_def_id,
      </if>
      <if test="procInstId != null">
        proc_inst_id,
      </if>
      <if test="nodeId != null">
        node_id,
      </if>
      <if test="userId != null">
        user_id,
      </if>
      <if test="departId != null">
        depart_id,
      </if>
      <if test="type != null">
        type,
      </if>
      <if test="status != null">
        status,
      </if>
      <if test="createBy != null">
        create_by,
      </if>
      <if test="updateBy != null">
        update_by,
      </if>
      <if test="gmtCreate != null">
        gmt_create,
      </if>
      <if test="gmtModified != null">
        gmt_modified,
      </if>
    </trim>
    <trim prefix="values (" suffix=")" suffixOverrides=",">
      #{id,jdbcType=VARCHAR},
      <if test="sort != null">
        #{sort,jdbcType=BIGINT},
      </if>
      <if test="procDefId != null">
        #{procDefId,jdbcType=VARCHAR},
      </if>
      <if test="procInstId != null">
        #{procInstId,jdbcType=VARCHAR},
      </if>
      <if test="nodeId != null">
        #{nodeId,jdbcType=VARCHAR},
      </if>
      <if test="userId != null">
        #{userId,jdbcType=VARCHAR},
      </if>
      <if test="departId != null">
        #{departId,jdbcType=VARCHAR},
      </if>
      <if test="type != null">
        #{type,jdbcType=SMALLINT},
      </if>
      <if test="status != null">
        #{status,jdbcType=SMALLINT},
      </if>
      <if test="createBy != null">
        #{createBy,jdbcType=VARCHAR},
      </if>
      <if test="updateBy != null">
        #{updateBy,jdbcType=VARCHAR},
      </if>
      <if test="gmtCreate != null">
        #{gmtCreate,jdbcType=TIMESTAMP},
      </if>
      <if test="gmtModified != null">
        #{gmtModified,jdbcType=TIMESTAMP},
      </if>
    </trim>
  </insert>

  <update id="updateSelective" parameterType="com.spr.web.flow.entity.ExecIdentitylink">
    update flow_exec_identitylink
    <set>
      <if test="sort != null">
        sort = #{sort,jdbcType=BIGINT},
      </if>
      <if test="procDefId != null">
        proc_def_id = #{procDefId,jdbcType=VARCHAR},
      </if>
      <if test="procInstId != null">
        proc_inst_id = #{procInstId,jdbcType=VARCHAR},
      </if>
      <if test="nodeId != null">
        node_id = #{nodeId,jdbcType=VARCHAR},
      </if>
      <if test="userId != null">
        user_id = #{userId,jdbcType=VARCHAR},
      </if>
      <if test="departId != null">
        depart_id = #{departId,jdbcType=VARCHAR},
      </if>
      <if test="type != null">
        type = #{type,jdbcType=SMALLINT},
      </if>
      <if test="status != null">
        status = #{status,jdbcType=SMALLINT},
      </if>
      <if test="createBy != null">
        create_by = #{createBy,jdbcType=VARCHAR},
      </if>
      <if test="updateBy != null">
        update_by = #{updateBy,jdbcType=VARCHAR},
      </if>
      <if test="gmtCreate != null">
        gmt_create = #{gmtCreate,jdbcType=TIMESTAMP},
      </if>
      <if test="gmtModified != null">
        gmt_modified = #{gmtModified,jdbcType=TIMESTAMP},
      </if>
    </set>
    where id = #{id,jdbcType=VARCHAR}
  </update>

  <update id="update" parameterType="com.spr.web.flow.entity.ExecIdentitylink">
    update flow_exec_identitylink
    set sort = #{sort,jdbcType=BIGINT},
      proc_def_id = #{procDefId,jdbcType=VARCHAR},
      proc_inst_id = #{procInstId,jdbcType=VARCHAR},
      node_id = #{nodeId,jdbcType=VARCHAR},
      user_id = #{userId,jdbcType=VARCHAR},
      depart_id = #{departId,jdbcType=VARCHAR},
      type = #{type,jdbcType=SMALLINT},
      status = #{status,jdbcType=SMALLINT},
      create_by = #{createBy,jdbcType=VARCHAR},
      update_by = #{updateBy,jdbcType=VARCHAR},
      gmt_create = #{gmtCreate,jdbcType=TIMESTAMP},
      gmt_modified = #{gmtModified,jdbcType=TIMESTAMP}
    where id = #{id,jdbcType=VARCHAR}
  </update>
  
  
  
   <update id="updateStatusByNodeId" >
    update flow_exec_identitylink
    set      
      status = #{status,jdbcType=SMALLINT},
      gmt_modified = NOW()
    where node_id = #{nodeId,jdbcType=VARCHAR}
  </update>
  
  
</mapper>