<?xml version="1.0" encoding="UTF-8"?>
<!DOCTYPE mapper PUBLIC "-//mybatis.org//DTD Mapper 3.0//EN" "http://mybatis.org/dtd/mybatis-3-mapper.dtd">
<mapper namespace="com.spr.web.flow.dao.IExecAttachmentDao">

  <resultMap id="BaseResultMap" type="com.spr.web.flow.entity.ExecAttachment">
    <id column="id" jdbcType="VARCHAR" property="id" />
    <result column="sort" jdbcType="BIGINT" property="sort" />
    <result column="proc_inst_id" jdbcType="VARCHAR" property="procInstId" />
    <result column="proc_node_id" jdbcType="VARCHAR" property="procNodeId" />
    <result column="user_id" jdbcType="VARCHAR" property="userId" />
    <result column="file_name" jdbcType="VARCHAR" property="fileName" />
    <result column="type" jdbcType="SMALLINT" property="type" />
    <result column="file_type" jdbcType="VARCHAR" property="fileType" />
    <result column="base_file_id" jdbcType="BIGINT" property="baseFileId" />
    <result column="file_view" jdbcType="VARCHAR" property="fileView" />
    <result column="back_file_view" jdbcType="VARCHAR" property="backFileView" />
    <result column="status" jdbcType="SMALLINT" property="status" />
    <result column="create_by" jdbcType="VARCHAR" property="createBy" />
    <result column="update_by" jdbcType="VARCHAR" property="updateBy" />
    <result column="gmt_create" jdbcType="TIMESTAMP" property="gmtCreate" />
    <result column="gmt_modified" jdbcType="TIMESTAMP" property="gmtModified" />
  </resultMap>

  <sql id="Base_Column_List">
    id, sort, proc_inst_id, proc_node_id, user_id, file_name, type, file_type, base_file_id, 
    file_view, back_file_view, status, create_by, update_by, gmt_create, gmt_modified
  </sql>

  <select id="getById" parameterType="java.lang.String" resultMap="BaseResultMap">
    select 
    <include refid="Base_Column_List" />
    from flow_exec_attachment
    where id = #{id,jdbcType=VARCHAR}
  </select>

  <select id="countByCondition" parameterType="map" resultType="long">
    SELECT COUNT(*) FROM flow_exec_attachment
    <include refid="select_condition" />
  </select>

  <sql id="select_condition">
   <where>
     <if test="nodeId!=null">
       proc_node_id = #{nodeId}   
      </if>
      <if test="nodeIds!=null">
       AND proc_node_id in <foreach collection="nodeIds" item="nid" open="(" close=")" separator=",">#{nid}</foreach>      
      </if>
       <if test="type!=null">
       AND type = #{type}   
      </if>
       <if test="status!=null">
       AND status = #{status}   
      </if>
	</where>
  </sql>

  <select id="selectListByCondition" parameterType="map" resultType="com.spr.web.flow.dto.exec.ExecAttachmentDTO">
    select 
      id AS id,
      sort AS sort,
      proc_inst_id AS procInstId,
      proc_node_id AS procNodeId,
      user_id AS userId,
      file_name AS fileName,
      type AS type,
      file_type AS fileType,
      base_file_id AS baseFileId,
      file_view AS fileView,
      back_file_view AS backFileView,
      status AS status,
      create_by AS createBy,
      update_by AS updateBy,
      gmt_create AS gmtCreate,
      gmt_modified AS gmtModified
    from flow_exec_attachment
    <include refid="select_condition" />
    <if test="sidx!=null and sord!=null">
      ORDER BY ${sidx} ${sord}
    </if>
    <if test="startQuery!=null and pageSize!=null">
      LIMIT #{startQuery},#{pageSize}  
    </if>
  </select>

  <select id="getDetailById" parameterType="java.lang.String" resultType="com.spr.web.flow.dto.exec.ExecAttachmentDTO">
    SELECT 
      id AS id,
      sort AS sort,
      proc_inst_id AS procInstId,
      proc_node_id AS procNodeId,
      user_id AS userId,
      file_name AS fileName,
      type AS type,
      file_type AS fileType,
      base_file_id AS baseFileId,
      file_view AS fileView,
      back_file_view AS backFileView,
      status AS status,
      create_by AS createBy,
      update_by AS updateBy,
      gmt_create AS gmtCreate,
      gmt_modified AS gmtModified
    FROM flow_exec_attachment

    WHERE id = #{id,jdbcType=VARCHAR}
  </select>

  <!-- 写操作 -->
 <delete id="deleteByProcInstId" parameterType="java.lang.String">
    delete from flow_exec_attachment
    where proc_inst_id = #{procInstId,jdbcType=VARCHAR}
  </delete>

  <delete id="deleteById" parameterType="java.lang.String">
    delete from flow_exec_attachment
    where id = #{id,jdbcType=VARCHAR}
  </delete>

  <insert id="insert" parameterType="com.spr.web.flow.entity.ExecAttachment">
    <selectKey keyProperty="id" order="BEFORE" resultType="java.lang.String">
      SELECT REPLACE(UUID(),'-','')
    </selectKey>
    insert into flow_exec_attachment (id, sort, proc_inst_id, 
      proc_node_id, user_id, file_name, 
      type, file_type, base_file_id, 
      file_view, back_file_view, status, 
      create_by, update_by, gmt_create, 
      gmt_modified)
    values (#{id,jdbcType=VARCHAR}, #{sort,jdbcType=BIGINT}, #{procInstId,jdbcType=VARCHAR}, 
      #{procNodeId,jdbcType=VARCHAR}, #{userId,jdbcType=VARCHAR}, #{fileName,jdbcType=VARCHAR}, 
      #{type,jdbcType=SMALLINT}, #{fileType,jdbcType=VARCHAR}, #{baseFileId,jdbcType=BIGINT}, 
      #{fileView,jdbcType=VARCHAR}, #{backFileView,jdbcType=VARCHAR}, #{status,jdbcType=SMALLINT}, 
      #{createBy,jdbcType=VARCHAR}, #{updateBy,jdbcType=VARCHAR}, #{gmtCreate,jdbcType=TIMESTAMP}, 
      #{gmtModified,jdbcType=TIMESTAMP})
  </insert>

  <insert id="insertSelective" parameterType="com.spr.web.flow.entity.ExecAttachment">
    <selectKey keyProperty="id" order="BEFORE" resultType="java.lang.String">
      SELECT REPLACE(UUID(),'-','')
    </selectKey>
    insert into flow_exec_attachment
    <trim prefix="(" suffix=")" suffixOverrides=",">
      id,
      <if test="sort != null">
        sort,
      </if>
      <if test="procInstId != null">
        proc_inst_id,
      </if>
      <if test="procNodeId != null">
        proc_node_id,
      </if>
      <if test="userId != null">
        user_id,
      </if>
      <if test="fileName != null">
        file_name,
      </if>
      <if test="type != null">
        type,
      </if>
      <if test="fileType != null">
        file_type,
      </if>
      <if test="baseFileId != null">
        base_file_id,
      </if>
      <if test="fileView != null">
        file_view,
      </if>
      <if test="backFileView != null">
        back_file_view,
      </if>
      <if test="status != null">
        status,
      </if>
      <if test="createBy != null">
        create_by,
      </if>
      <if test="updateBy != null">
        update_by,
      </if>
      <if test="gmtCreate != null">
        gmt_create,
      </if>
      <if test="gmtModified != null">
        gmt_modified,
      </if>
    </trim>
    <trim prefix="values (" suffix=")" suffixOverrides=",">
      #{id,jdbcType=VARCHAR},
      <if test="sort != null">
        #{sort,jdbcType=BIGINT},
      </if>
      <if test="procInstId != null">
        #{procInstId,jdbcType=VARCHAR},
      </if>
      <if test="procNodeId != null">
        #{procNodeId,jdbcType=VARCHAR},
      </if>
      <if test="userId != null">
        #{userId,jdbcType=VARCHAR},
      </if>
      <if test="fileName != null">
        #{fileName,jdbcType=VARCHAR},
      </if>
      <if test="type != null">
        #{type,jdbcType=SMALLINT},
      </if>
      <if test="fileType != null">
        #{fileType,jdbcType=VARCHAR},
      </if>
      <if test="baseFileId != null">
        #{baseFileId,jdbcType=BIGINT},
      </if>
      <if test="fileView != null">
        #{fileView,jdbcType=VARCHAR},
      </if>
      <if test="backFileView != null">
        #{backFileView,jdbcType=VARCHAR},
      </if>
      <if test="status != null">
        #{status,jdbcType=SMALLINT},
      </if>
      <if test="createBy != null">
        #{createBy,jdbcType=VARCHAR},
      </if>
      <if test="updateBy != null">
        #{updateBy,jdbcType=VARCHAR},
      </if>
      <if test="gmtCreate != null">
        #{gmtCreate,jdbcType=TIMESTAMP},
      </if>
      <if test="gmtModified != null">
        #{gmtModified,jdbcType=TIMESTAMP},
      </if>
    </trim>
  </insert>

  <update id="updateSelective" parameterType="com.spr.web.flow.entity.ExecAttachment">
    update flow_exec_attachment
    <set>
      <if test="sort != null">
        sort = #{sort,jdbcType=BIGINT},
      </if>
      <if test="procInstId != null">
        proc_inst_id = #{procInstId,jdbcType=VARCHAR},
      </if>
      <if test="procNodeId != null">
        proc_node_id = #{procNodeId,jdbcType=VARCHAR},
      </if>
      <if test="userId != null">
        user_id = #{userId,jdbcType=VARCHAR},
      </if>
      <if test="fileName != null">
        file_name = #{fileName,jdbcType=VARCHAR},
      </if>
      <if test="type != null">
        type = #{type,jdbcType=SMALLINT},
      </if>
      <if test="fileType != null">
        file_type = #{fileType,jdbcType=VARCHAR},
      </if>
      <if test="baseFileId != null">
        base_file_id = #{baseFileId,jdbcType=BIGINT},
      </if>
      <if test="fileView != null">
        file_view = #{fileView,jdbcType=VARCHAR},
      </if>
      <if test="backFileView != null">
        back_file_view = #{backFileView,jdbcType=VARCHAR},
      </if>
      <if test="status != null">
        status = #{status,jdbcType=SMALLINT},
      </if>
      <if test="createBy != null">
        create_by = #{createBy,jdbcType=VARCHAR},
      </if>
      <if test="updateBy != null">
        update_by = #{updateBy,jdbcType=VARCHAR},
      </if>
      <if test="gmtCreate != null">
        gmt_create = #{gmtCreate,jdbcType=TIMESTAMP},
      </if>
      <if test="gmtModified != null">
        gmt_modified = #{gmtModified,jdbcType=TIMESTAMP},
      </if>
    </set>
    where id = #{id,jdbcType=VARCHAR}
  </update>

  <update id="update" parameterType="com.spr.web.flow.entity.ExecAttachment">
    update flow_exec_attachment
    set sort = #{sort,jdbcType=BIGINT},
      proc_inst_id = #{procInstId,jdbcType=VARCHAR},
      proc_node_id = #{procNodeId,jdbcType=VARCHAR},
      user_id = #{userId,jdbcType=VARCHAR},
      file_name = #{fileName,jdbcType=VARCHAR},
      type = #{type,jdbcType=SMALLINT},
      file_type = #{fileType,jdbcType=VARCHAR},
      base_file_id = #{baseFileId,jdbcType=BIGINT},
      file_view = #{fileView,jdbcType=VARCHAR},
      back_file_view = #{backFileView,jdbcType=VARCHAR},
      status = #{status,jdbcType=SMALLINT},
      create_by = #{createBy,jdbcType=VARCHAR},
      update_by = #{updateBy,jdbcType=VARCHAR},
      gmt_create = #{gmtCreate,jdbcType=TIMESTAMP},
      gmt_modified = #{gmtModified,jdbcType=TIMESTAMP}
    where id = #{id,jdbcType=VARCHAR}
  </update>
</mapper>