<?xml version="1.0" encoding="UTF-8"?>
<!DOCTYPE mapper PUBLIC "-//mybatis.org//DTD Mapper 3.0//EN" "http://mybatis.org/dtd/mybatis-3-mapper.dtd">
<mapper namespace="com.spr.web.flow.dao.IProcIdentitylinkDao">

  <resultMap id="BaseResultMap" type="com.spr.web.flow.entity.ProcIdentitylink">
    <id column="id" jdbcType="VARCHAR" property="id" />
    <result column="sort" jdbcType="BIGINT" property="sort" />
    <result column="proc_def_id" jdbcType="VARCHAR" property="procDefId" />
    <result column="node_id" jdbcType="VARCHAR" property="nodeId" />
    <result column="user_id" jdbcType="VARCHAR" property="userId" />
    <result column="depart_id" jdbcType="VARCHAR" property="departId" />
    <result column="type" jdbcType="SMALLINT" property="type" />
    <result column="status" jdbcType="SMALLINT" property="status" />
    <result column="create_by" jdbcType="VARCHAR" property="createBy" />
    <result column="update_by" jdbcType="VARCHAR" property="updateBy" />
    <result column="gmt_create" jdbcType="TIMESTAMP" property="gmtCreate" />
    <result column="gmt_modified" jdbcType="TIMESTAMP" property="gmtModified" />
  </resultMap>

  <sql id="Base_Column_List">
    id, sort, proc_def_id, node_id, user_id, depart_id, type, status, create_by, update_by, 
    gmt_create, gmt_modified
  </sql>

  <select id="getById" parameterType="java.lang.String" resultMap="BaseResultMap">
    select 
    <include refid="Base_Column_List" />
    from flow_proc_identitylink
    where id = #{id,jdbcType=VARCHAR}
  </select>
  
  
  <select id="getUserIdsByNodeId" parameterType="java.lang.String" resultType="java.lang.String">
    select user_id
    from flow_proc_identitylink
    where node_id = #{nodeId,jdbcType=VARCHAR}
  </select>

  <select id="countByCondition" parameterType="map" resultType="long">
    SELECT COUNT(*) FROM flow_proc_identitylink l
	LEFT JOIN c_user u ON u.id = l.user_id
    <include refid="select_condition" />
  </select>

  <sql id="select_condition">
    <where>
      <if test="nodeId!=null">
      	l.node_id=#{nodeId}      
      </if>  
      <if test="procDefId!=null">
      	l.proc_def_id=#{procDefId}      
      </if> 
    </where>

  </sql>

  <select id="selectListByCondition" parameterType="map" resultType="com.spr.web.flow.dto.def.ProcIdentitylinkDTO">
	SELECT
		l.id AS id,
		l.sort AS sort,
		l.proc_def_id AS procDefId,
		l.node_id AS nodeId,
		l.user_id AS userId,
		l.depart_id AS departId,
		l.type AS type,
		l. STATUS AS STATUS,
		l.create_by AS createBy,
		l.update_by AS updateBy,
		l.gmt_create AS gmtCreate,
		l.gmt_modified AS gmtModified,
		u.user_name AS userName,
		u.chinese_name AS chineseName
	FROM
		flow_proc_identitylink l
	LEFT JOIN c_user u ON u.id = l.user_id
    <include refid="select_condition" />
    <if test="sidx!=null and sord!=null">
      ORDER BY ${sidx} ${sord}
    </if>
    <if test="startQuery!=null and pageSize!=null">
      LIMIT #{startQuery},#{pageSize}  
    </if>
  </select>

  <select id="getDetailById" parameterType="java.lang.String" resultType="com.spr.web.flow.dto.def.ProcIdentitylinkDTO">
    SELECT 
      id AS id,
      sort AS sort,
      proc_def_id AS procDefId,
      node_id AS nodeId,
      user_id AS userId,
      depart_id AS departId,
      type AS type,
      status AS status,
      create_by AS createBy,
      update_by AS updateBy,
      gmt_create AS gmtCreate,
      gmt_modified AS gmtModified
    FROM flow_proc_identitylink

    WHERE id = #{id,jdbcType=VARCHAR}
  </select>
  
  
   <select id="getUserInfoByNodeIds" resultType="com.spr.web.system.dto.user.WeiUserDTO">  
  	SELECT
		u.id,
		u.user_name userName,
		u.chinese_name chineseName
	FROM
		flow_proc_identitylink il
	LEFT JOIN c_user u ON il.user_id = u.id
	WHERE
	 <if test="nodeIds!=null">
	 il.node_id in <foreach collection="nodeIds" item="nid" open="(" close=")" separator=",">#{nid}</foreach>
	 </if>
		
   </select>
   
     
   <select id="getUserInfoByNodeId" resultType="com.spr.web.system.dto.user.WeiUserDTO">  
  	SELECT
		u.id,
		u.user_name userName,
		u.chinese_name chineseName
	FROM
		flow_proc_identitylink il
	LEFT JOIN c_user u ON il.user_id = u.id 
	WHERE il.node_id=#{nodeId}			
   </select>

   <!-- 写操作 -->
  <delete id="deleteByProcDefId" parameterType="java.lang.String">
    delete from flow_proc_identitylink
    where proc_def_id = #{procDefId,jdbcType=VARCHAR}
  </delete>
  
  
  <delete id="deleteById" parameterType="java.lang.String">
    delete from flow_proc_identitylink
    where id = #{id,jdbcType=VARCHAR}
  </delete>
  
  
   <delete id="deleteByUserIdAndNodeId" >
    delete from flow_proc_identitylink
    where node_id = #{nodeId} AND user_id=#{userId}
  </delete>

  <insert id="insert" parameterType="com.spr.web.flow.entity.ProcIdentitylink">
    <selectKey keyProperty="id" order="BEFORE" resultType="java.lang.String">
      SELECT REPLACE(UUID(),'-','')
    </selectKey>
    insert into flow_proc_identitylink (id, sort, proc_def_id, 
      node_id, user_id, depart_id, 
      type, status, create_by, 
      update_by, gmt_create, gmt_modified
      )
    values (#{id,jdbcType=VARCHAR}, #{sort,jdbcType=BIGINT}, #{procDefId,jdbcType=VARCHAR}, 
      #{nodeId,jdbcType=VARCHAR}, #{userId,jdbcType=VARCHAR}, #{departId,jdbcType=VARCHAR}, 
      #{type,jdbcType=SMALLINT}, #{status,jdbcType=SMALLINT}, #{createBy,jdbcType=VARCHAR}, 
      #{updateBy,jdbcType=VARCHAR}, #{gmtCreate,jdbcType=TIMESTAMP}, #{gmtModified,jdbcType=TIMESTAMP}
      )
  </insert>

  <insert id="insertSelective" parameterType="com.spr.web.flow.entity.ProcIdentitylink">
    <selectKey keyProperty="id" order="BEFORE" resultType="java.lang.String">
      SELECT REPLACE(UUID(),'-','')
    </selectKey>
    insert into flow_proc_identitylink
    <trim prefix="(" suffix=")" suffixOverrides=",">
      id,
      <if test="sort != null">
        sort,
      </if>
      <if test="procDefId != null">
        proc_def_id,
      </if>
      <if test="nodeId != null">
        node_id,
      </if>
      <if test="userId != null">
        user_id,
      </if>
      <if test="departId != null">
        depart_id,
      </if>
      <if test="type != null">
        type,
      </if>
      <if test="status != null">
        status,
      </if>
      <if test="createBy != null">
        create_by,
      </if>
      <if test="updateBy != null">
        update_by,
      </if>
      <if test="gmtCreate != null">
        gmt_create,
      </if>
      <if test="gmtModified != null">
        gmt_modified,
      </if>
    </trim>
    <trim prefix="values (" suffix=")" suffixOverrides=",">
      #{id,jdbcType=VARCHAR},
      <if test="sort != null">
        #{sort,jdbcType=BIGINT},
      </if>
      <if test="procDefId != null">
        #{procDefId,jdbcType=VARCHAR},
      </if>
      <if test="nodeId != null">
        #{nodeId,jdbcType=VARCHAR},
      </if>
      <if test="userId != null">
        #{userId,jdbcType=VARCHAR},
      </if>
      <if test="departId != null">
        #{departId,jdbcType=VARCHAR},
      </if>
      <if test="type != null">
        #{type,jdbcType=SMALLINT},
      </if>
      <if test="status != null">
        #{status,jdbcType=SMALLINT},
      </if>
      <if test="createBy != null">
        #{createBy,jdbcType=VARCHAR},
      </if>
      <if test="updateBy != null">
        #{updateBy,jdbcType=VARCHAR},
      </if>
      <if test="gmtCreate != null">
        #{gmtCreate,jdbcType=TIMESTAMP},
      </if>
      <if test="gmtModified != null">
        #{gmtModified,jdbcType=TIMESTAMP},
      </if>
    </trim>
  </insert>

  <update id="updateSelective" parameterType="com.spr.web.flow.entity.ProcIdentitylink">
    update flow_proc_identitylink
    <set>
      <if test="sort != null">
        sort = #{sort,jdbcType=BIGINT},
      </if>
      <if test="procDefId != null">
        proc_def_id = #{procDefId,jdbcType=VARCHAR},
      </if>
      <if test="nodeId != null">
        node_id = #{nodeId,jdbcType=VARCHAR},
      </if>
      <if test="userId != null">
        user_id = #{userId,jdbcType=VARCHAR},
      </if>
      <if test="departId != null">
        depart_id = #{departId,jdbcType=VARCHAR},
      </if>
      <if test="type != null">
        type = #{type,jdbcType=SMALLINT},
      </if>
      <if test="status != null">
        status = #{status,jdbcType=SMALLINT},
      </if>
      <if test="createBy != null">
        create_by = #{createBy,jdbcType=VARCHAR},
      </if>
      <if test="updateBy != null">
        update_by = #{updateBy,jdbcType=VARCHAR},
      </if>
      <if test="gmtCreate != null">
        gmt_create = #{gmtCreate,jdbcType=TIMESTAMP},
      </if>
      <if test="gmtModified != null">
        gmt_modified = #{gmtModified,jdbcType=TIMESTAMP},
      </if>
    </set>
    where id = #{id,jdbcType=VARCHAR}
  </update>

  <update id="update" parameterType="com.spr.web.flow.entity.ProcIdentitylink">
    update flow_proc_identitylink
    set sort = #{sort,jdbcType=BIGINT},
      proc_def_id = #{procDefId,jdbcType=VARCHAR},
      node_id = #{nodeId,jdbcType=VARCHAR},
      user_id = #{userId,jdbcType=VARCHAR},
      depart_id = #{departId,jdbcType=VARCHAR},
      type = #{type,jdbcType=SMALLINT},
      status = #{status,jdbcType=SMALLINT},
      create_by = #{createBy,jdbcType=VARCHAR},
      update_by = #{updateBy,jdbcType=VARCHAR},
      gmt_create = #{gmtCreate,jdbcType=TIMESTAMP},
      gmt_modified = #{gmtModified,jdbcType=TIMESTAMP}
    where id = #{id,jdbcType=VARCHAR}
  </update>
</mapper>