<?xml version="1.0" encoding="UTF-8"?>
<!DOCTYPE mapper PUBLIC "-//mybatis.org//DTD Mapper 3.0//EN" "http://mybatis.org/dtd/mybatis-3-mapper.dtd">
<mapper namespace="com.spr.web.flow.dao.IProcNodeDao">

  <resultMap id="BaseResultMap" type="com.spr.web.flow.entity.ProcNode">
    <id column="id" jdbcType="VARCHAR" property="id" />
    <result column="sort" jdbcType="BIGINT" property="sort" />
    <result column="proc_def_id" jdbcType="VARCHAR" property="procDefId" />
    <result column="node_name" jdbcType="VARCHAR" property="nodeName" />
    <result column="node_code" jdbcType="VARCHAR" property="nodeCode" />
    <result column="node_type" jdbcType="VARCHAR" property="nodeType" />
    <result column="left_pos" jdbcType="DECIMAL" property="leftPos" />
    <result column="top_pos" jdbcType="DECIMAL" property="topPos" />
    <result column="width" jdbcType="VARCHAR" property="width" />
    <result column="height" jdbcType="VARCHAR" property="height" />
    <result column="sub_def_id" jdbcType="VARCHAR" property="subDefId" />
    <result column="proc_type" jdbcType="VARCHAR" property="procType" />
    <result column="title" jdbcType="VARCHAR" property="title" />
    <result column="requirement" jdbcType="VARCHAR" property="requirement" />
    <result column="note" jdbcType="VARCHAR" property="note" />
    <result column="limit_day" jdbcType="INTEGER" property="limitDay" />
    <result column="duty_depart_id" jdbcType="VARCHAR" property="dutyDepartId" />
    <result column="duty_user_id" jdbcType="VARCHAR" property="dutyUserId" />
    <result column="allot_strategy" jdbcType="SMALLINT" property="allotStrategy" />
    <result column="status" jdbcType="SMALLINT" property="status" />
    <result column="create_by" jdbcType="VARCHAR" property="createBy" />
    <result column="update_by" jdbcType="VARCHAR" property="updateBy" />
    <result column="gmt_create" jdbcType="TIMESTAMP" property="gmtCreate" />
    <result column="gmt_modified" jdbcType="TIMESTAMP" property="gmtModified" />
  </resultMap>

  <sql id="Base_Column_List">
    id, sort, proc_def_id, node_name, node_code, node_type, left_pos, top_pos, width, 
    height, sub_def_id, proc_type, title, requirement, note, limit_day, duty_depart_id, 
    duty_user_id, allot_strategy, status, create_by, update_by, gmt_create, gmt_modified
  </sql>

  <select id="getById" parameterType="java.lang.String" resultMap="BaseResultMap">
    select 
    <include refid="Base_Column_List" />
    from flow_proc_node
    where id = #{id,jdbcType=VARCHAR}
  </select>
  
   <select id="getByProcDefId" parameterType="java.lang.String" resultMap="BaseResultMap">
     select 
    <include refid="Base_Column_List" />
    from flow_proc_node
    where proc_def_id = #{procDefId,jdbcType=VARCHAR}  
   </select>
   
   
   <select id="getByProcessCodeAndNodeType" resultMap="BaseResultMap">
	SELECT
		n.*
	FROM
		flow_proc_node n
	INNER JOIN flow_proc_def d ON n.proc_def_id = d.id
	WHERE
		d.process_code = #{processCode}
	AND n.node_type = #{nodeType}
  </select>
   
   <select id="getIdByProcDefId" parameterType="java.lang.String" resultType="java.lang.String">
    select id
    from flow_proc_node
    where proc_def_id = #{procDefId,jdbcType=VARCHAR}  order by sort asc
   </select>
   
     
   <select id="getByPreNodeId" parameterType="java.lang.String" resultMap="BaseResultMap">
     SELECT
		n.*
	FROM
		flow_proc_line l
	INNER JOIN flow_proc_node n ON l.next_node_id = n.id
	WHERE l.pre_node_id =#{preNodeId} 
   </select>

  <select id="countByCondition" parameterType="map" resultType="long">
    SELECT COUNT(*) FROM flow_proc_node
    <include refid="select_condition" />
  </select>

  <sql id="select_condition">
    <where>
     <if test="procDefId!=null">
       proc_def_id=#{procDefId}
     </if>
    
    </where>

  </sql>

  <select id="selectListByCondition" parameterType="map" resultType="com.spr.web.flow.dto.def.ProcNodeDTO">
    select 
      id AS id,
      sort AS sort,
      proc_def_id AS procDefId,
      node_name AS nodeName,
      node_code AS nodeCode,
      node_type AS nodeType,
      left_pos AS leftPos,
      top_pos AS topPos,
      width AS width,
      height AS height,
      sub_def_id AS subDefId,
      proc_type AS procType,
      title AS title,
      requirement AS requirement,
      note AS note,
      limit_day AS limitDay,
      duty_depart_id AS dutyDepartId,
      duty_user_id AS dutyUserId,
      allot_strategy AS allotStrategy,
      status AS status,
      create_by AS createBy,
      update_by AS updateBy,
      gmt_create AS gmtCreate,
      gmt_modified AS gmtModified
    from flow_proc_node
    <include refid="select_condition" />
    <if test="sidx!=null and sord!=null">
      ORDER BY ${sidx} ${sord}
    </if>
    <if test="startQuery!=null and pageSize!=null">
      LIMIT #{startQuery},#{pageSize}  
    </if>
  </select>
  

  

  <select id="getDetailById" parameterType="java.lang.String" resultType="com.spr.web.flow.dto.def.ProcNodeDTO">
    SELECT 
      id AS id,
      sort AS sort,
      proc_def_id AS procDefId,
      node_name AS nodeName,
      node_code AS nodeCode,
      node_type AS nodeType,
      left_pos AS leftPos,
      top_pos AS topPos,
      width AS width,
      height AS height,
      sub_def_id AS subDefId,
      proc_type AS procType,
      title AS title,
      requirement AS requirement,
      note AS note,
      limit_day AS limitDay,
      duty_depart_id AS dutyDepartId,
      duty_user_id AS dutyUserId,
      allot_strategy AS allotStrategy,
      status AS status,
      create_by AS createBy,
      update_by AS updateBy,
      gmt_create AS gmtCreate,
      gmt_modified AS gmtModified
    FROM flow_proc_node

    WHERE id = #{id,jdbcType=VARCHAR}
  </select>

  <!-- 写操作 -->
  <delete id="deleteByProcDefId" parameterType="java.lang.String">
    delete from flow_proc_node
    where proc_def_id = #{procDefId,jdbcType=VARCHAR}
  </delete>
  
  <delete id="deleteById" parameterType="java.lang.String">
    delete from flow_proc_node
    where id = #{id,jdbcType=VARCHAR}
  </delete>
  
  <delete id="deleteByIds" >
    delete from flow_proc_node
    where id in <foreach collection="ids" item="id" open="(" close=")" separator=",">#{id}</foreach>
  </delete>

  <insert id="insert" parameterType="com.spr.web.flow.entity.ProcNode">
    <selectKey keyProperty="id" order="BEFORE" resultType="java.lang.String">
      SELECT REPLACE(UUID(),'-','')
    </selectKey>
    insert into flow_proc_node (id, sort, proc_def_id, 
      node_name, node_code, node_type, 
      left_pos, top_pos, width, 
      height, sub_def_id, proc_type, 
      title, requirement, note, 
      limit_day, duty_depart_id, duty_user_id, 
      allot_strategy, status, create_by, 
      update_by, gmt_create, gmt_modified
      )
    values (#{id,jdbcType=VARCHAR}, #{sort,jdbcType=BIGINT}, #{procDefId,jdbcType=VARCHAR}, 
      #{nodeName,jdbcType=VARCHAR}, #{nodeCode,jdbcType=VARCHAR}, #{nodeType,jdbcType=VARCHAR}, 
      #{leftPos,jdbcType=DECIMAL}, #{topPos,jdbcType=DECIMAL}, #{width,jdbcType=VARCHAR}, 
      #{height,jdbcType=VARCHAR}, #{subDefId,jdbcType=VARCHAR}, #{procType,jdbcType=VARCHAR}, 
      #{title,jdbcType=VARCHAR}, #{requirement,jdbcType=VARCHAR}, #{note,jdbcType=VARCHAR}, 
      #{limitDay,jdbcType=INTEGER}, #{dutyDepartId,jdbcType=VARCHAR}, #{dutyUserId,jdbcType=VARCHAR}, 
      #{allotStrategy,jdbcType=SMALLINT}, #{status,jdbcType=SMALLINT}, #{createBy,jdbcType=VARCHAR}, 
      #{updateBy,jdbcType=VARCHAR}, #{gmtCreate,jdbcType=TIMESTAMP}, #{gmtModified,jdbcType=TIMESTAMP}
      )
  </insert>

  <insert id="insertSelective" parameterType="com.spr.web.flow.entity.ProcNode">
    <selectKey keyProperty="id" order="BEFORE" resultType="java.lang.String">
      SELECT REPLACE(UUID(),'-','')
    </selectKey>
    insert into flow_proc_node
    <trim prefix="(" suffix=")" suffixOverrides=",">
      id,
      <if test="sort != null">
        sort,
      </if>
      <if test="procDefId != null">
        proc_def_id,
      </if>
      <if test="nodeName != null">
        node_name,
      </if>
      <if test="nodeCode != null">
        node_code,
      </if>
      <if test="nodeType != null">
        node_type,
      </if>
      <if test="leftPos != null">
        left_pos,
      </if>
      <if test="topPos != null">
        top_pos,
      </if>
      <if test="width != null">
        width,
      </if>
      <if test="height != null">
        height,
      </if>
      <if test="subDefId != null">
        sub_def_id,
      </if>
      <if test="procType != null">
        proc_type,
      </if>
      <if test="title != null">
        title,
      </if>
      <if test="requirement != null">
        requirement,
      </if>
      <if test="note != null">
        note,
      </if>
      <if test="limitDay != null">
        limit_day,
      </if>
      <if test="dutyDepartId != null">
        duty_depart_id,
      </if>
      <if test="dutyUserId != null">
        duty_user_id,
      </if>
      <if test="allotStrategy != null">
        allot_strategy,
      </if>
      <if test="status != null">
        status,
      </if>
      <if test="createBy != null">
        create_by,
      </if>
      <if test="updateBy != null">
        update_by,
      </if>
      <if test="gmtCreate != null">
        gmt_create,
      </if>
      <if test="gmtModified != null">
        gmt_modified,
      </if>
    </trim>
    <trim prefix="values (" suffix=")" suffixOverrides=",">
      #{id,jdbcType=VARCHAR},
      <if test="sort != null">
        #{sort,jdbcType=BIGINT},
      </if>
      <if test="procDefId != null">
        #{procDefId,jdbcType=VARCHAR},
      </if>
      <if test="nodeName != null">
        #{nodeName,jdbcType=VARCHAR},
      </if>
      <if test="nodeCode != null">
        #{nodeCode,jdbcType=VARCHAR},
      </if>
      <if test="nodeType != null">
        #{nodeType,jdbcType=VARCHAR},
      </if>
      <if test="leftPos != null">
        #{leftPos,jdbcType=DECIMAL},
      </if>
      <if test="topPos != null">
        #{topPos,jdbcType=DECIMAL},
      </if>
      <if test="width != null">
        #{width,jdbcType=VARCHAR},
      </if>
      <if test="height != null">
        #{height,jdbcType=VARCHAR},
      </if>
      <if test="subDefId != null">
        #{subDefId,jdbcType=VARCHAR},
      </if>
      <if test="procType != null">
        #{procType,jdbcType=VARCHAR},
      </if>
      <if test="title != null">
        #{title,jdbcType=VARCHAR},
      </if>
      <if test="requirement != null">
        #{requirement,jdbcType=VARCHAR},
      </if>
      <if test="note != null">
        #{note,jdbcType=VARCHAR},
      </if>
      <if test="limitDay != null">
        #{limitDay,jdbcType=INTEGER},
      </if>
      <if test="dutyDepartId != null">
        #{dutyDepartId,jdbcType=VARCHAR},
      </if>
      <if test="dutyUserId != null">
        #{dutyUserId,jdbcType=VARCHAR},
      </if>
      <if test="allotStrategy != null">
        #{allotStrategy,jdbcType=SMALLINT},
      </if>
      <if test="status != null">
        #{status,jdbcType=SMALLINT},
      </if>
      <if test="createBy != null">
        #{createBy,jdbcType=VARCHAR},
      </if>
      <if test="updateBy != null">
        #{updateBy,jdbcType=VARCHAR},
      </if>
      <if test="gmtCreate != null">
        #{gmtCreate,jdbcType=TIMESTAMP},
      </if>
      <if test="gmtModified != null">
        #{gmtModified,jdbcType=TIMESTAMP},
      </if>
    </trim>
  </insert>

  <update id="updateSelective" parameterType="com.spr.web.flow.entity.ProcNode">
    update flow_proc_node
    <set>
      <if test="sort != null">
        sort = #{sort,jdbcType=BIGINT},
      </if>
      <if test="procDefId != null">
        proc_def_id = #{procDefId,jdbcType=VARCHAR},
      </if>
      <if test="nodeName != null">
        node_name = #{nodeName,jdbcType=VARCHAR},
      </if>
      <if test="nodeCode != null">
        node_code = #{nodeCode,jdbcType=VARCHAR},
      </if>
      <if test="nodeType != null">
        node_type = #{nodeType,jdbcType=VARCHAR},
      </if>
      <if test="leftPos != null">
        left_pos = #{leftPos,jdbcType=DECIMAL},
      </if>
      <if test="topPos != null">
        top_pos = #{topPos,jdbcType=DECIMAL},
      </if>
      <if test="width != null">
        width = #{width,jdbcType=VARCHAR},
      </if>
      <if test="height != null">
        height = #{height,jdbcType=VARCHAR},
      </if>
      <if test="subDefId != null">
        sub_def_id = #{subDefId,jdbcType=VARCHAR},
      </if>
      <if test="procType != null">
        proc_type = #{procType,jdbcType=VARCHAR},
      </if>
      <if test="title != null">
        title = #{title,jdbcType=VARCHAR},
      </if>
      <if test="requirement != null">
        requirement = #{requirement,jdbcType=VARCHAR},
      </if>
      <if test="note != null">
        note = #{note,jdbcType=VARCHAR},
      </if>
      <if test="limitDay != null">
        limit_day = #{limitDay,jdbcType=INTEGER},
      </if>
      <if test="dutyDepartId != null">
        duty_depart_id = #{dutyDepartId,jdbcType=VARCHAR},
      </if>
      <if test="dutyUserId != null">
        duty_user_id = #{dutyUserId,jdbcType=VARCHAR},
      </if>
      <if test="allotStrategy != null">
        allot_strategy = #{allotStrategy,jdbcType=SMALLINT},
      </if>
      <if test="status != null">
        status = #{status,jdbcType=SMALLINT},
      </if>
      <if test="createBy != null">
        create_by = #{createBy,jdbcType=VARCHAR},
      </if>
      <if test="updateBy != null">
        update_by = #{updateBy,jdbcType=VARCHAR},
      </if>
      <if test="gmtCreate != null">
        gmt_create = #{gmtCreate,jdbcType=TIMESTAMP},
      </if>
      <if test="gmtModified != null">
        gmt_modified = #{gmtModified,jdbcType=TIMESTAMP},
      </if>
    </set>
    where id = #{id,jdbcType=VARCHAR}
  </update>

  <update id="update" parameterType="com.spr.web.flow.entity.ProcNode">
    update flow_proc_node
    set sort = #{sort,jdbcType=BIGINT},
      proc_def_id = #{procDefId,jdbcType=VARCHAR},
      node_name = #{nodeName,jdbcType=VARCHAR},
      node_code = #{nodeCode,jdbcType=VARCHAR},
      node_type = #{nodeType,jdbcType=VARCHAR},
      left_pos = #{leftPos,jdbcType=DECIMAL},
      top_pos = #{topPos,jdbcType=DECIMAL},
      width = #{width,jdbcType=VARCHAR},
      height = #{height,jdbcType=VARCHAR},
      sub_def_id = #{subDefId,jdbcType=VARCHAR},
      proc_type = #{procType,jdbcType=VARCHAR},
      title = #{title,jdbcType=VARCHAR},
      requirement = #{requirement,jdbcType=VARCHAR},
      note = #{note,jdbcType=VARCHAR},
      limit_day = #{limitDay,jdbcType=INTEGER},
      duty_depart_id = #{dutyDepartId,jdbcType=VARCHAR},
      duty_user_id = #{dutyUserId,jdbcType=VARCHAR},
      allot_strategy = #{allotStrategy,jdbcType=SMALLINT},
      status = #{status,jdbcType=SMALLINT},
      create_by = #{createBy,jdbcType=VARCHAR},
      update_by = #{updateBy,jdbcType=VARCHAR},
      gmt_create = #{gmtCreate,jdbcType=TIMESTAMP},
      gmt_modified = #{gmtModified,jdbcType=TIMESTAMP}
    where id = #{id,jdbcType=VARCHAR}
  </update>
</mapper>