<?xml version="1.0" encoding="UTF-8"?>
<!DOCTYPE mapper PUBLIC "-//mybatis.org//DTD Mapper 3.0//EN" "http://mybatis.org/dtd/mybatis-3-mapper.dtd">
<mapper namespace="com.spr.web.flow.dao.IProcDefDao">

  <resultMap id="BaseResultMap" type="com.spr.web.flow.entity.ProcDef">
    <id column="id" jdbcType="VARCHAR" property="id" />
    <result column="sort" jdbcType="BIGINT" property="sort" />
    <result column="process_code" jdbcType="VARCHAR" property="processCode" />
    <result column="process_name" jdbcType="VARCHAR" property="processName" />
    <result column="description" jdbcType="VARCHAR" property="description" />
    <result column="numb_template" jdbcType="VARCHAR" property="numbTemplate" />
     <result column="curr_year" jdbcType="VARCHAR" property="year" />
      <result column="curr_sn" jdbcType="INTEGER" property="sn" />
    <result column="status" jdbcType="SMALLINT" property="status" />
    <result column="flag" jdbcType="SMALLINT" property="flag" />
    <result column="create_by" jdbcType="VARCHAR" property="createBy" />
    <result column="update_by" jdbcType="VARCHAR" property="updateBy" />
    <result column="gmt_create" jdbcType="TIMESTAMP" property="gmtCreate" />
    <result column="gmt_modified" jdbcType="TIMESTAMP" property="gmtModified" />
    <result column="unit_id" jdbcType="VARCHAR" property="unitId" />
  </resultMap>

  <sql id="Base_Column_List">
    id, sort, process_code, process_name, description,numb_template,curr_year,curr_sn, status, flag, create_by, update_by, 
    gmt_create, gmt_modified,unit_id
  </sql>

  <select id="getById" parameterType="java.lang.String" resultMap="BaseResultMap">
    select 
    <include refid="Base_Column_List" />
    from flow_proc_def
    where id = #{id,jdbcType=VARCHAR}
  </select>
  
   <select id="getByProcessCode" parameterType="java.lang.String" resultMap="BaseResultMap">
    select 
    <include refid="Base_Column_List" />
    from flow_proc_def
    where process_code = #{processCode,jdbcType=VARCHAR}
  </select>

  <select id="countByCondition" parameterType="map" resultType="long">
    SELECT COUNT(*) FROM flow_proc_def
    <include refid="select_condition" />
  </select>
  
  <select id="getProcDefCode" resultType="java.lang.String" parameterType="map">
    SELECT process_code FROM flow_proc_def
    <include refid="select_condition" />
  </select>

  <sql id="select_condition">
    <where>
    	<if test="procdefName!=null">
    	 process_name Like #{procdefName}
    	</if>    	
    	<if test="procdefCode!=null">
    	AND  process_code Like #{procdefCode}
    	</if>
    	<if test="procdefCodeIs!=null">
    	AND  process_code = #{procdefCodeIs}
    	</if> 
    	<if test="unitId!=null">
    	AND  unit_id = #{unitId}
    	</if> 
    </where>

  </sql>

  <select id="selectListByCondition" parameterType="map" resultType="com.spr.web.flow.dto.def.ProcDefDTO">
    select 
      id AS id,
      sort AS sort,
      process_code AS processCode,
      process_name AS processName,
      description AS description,
      numb_template AS numbTemplate,
      curr_year AS year,
      curr_sn AS sn,
      status AS status,
      flag AS flag,
      create_by AS createBy,
      update_by AS updateBy,
      gmt_create AS gmtCreate,
      gmt_modified AS gmtModified,
      unit_id AS unitId
    from flow_proc_def
    <include refid="select_condition" />
    <if test="sidx!=null and sord!=null">
      ORDER BY ${sidx} ${sord}
    </if>
    <if test="startQuery!=null and pageSize!=null">
      LIMIT #{startQuery},#{pageSize}  
    </if>
  </select>

  <select id="getDetailById" parameterType="java.lang.String" resultType="com.spr.web.flow.dto.def.ProcDefDTO">
    SELECT 
      id AS id,
      sort AS sort,
      process_code AS processCode,
      process_name AS processName,
      description AS description,
      numb_template AS numbTemplate,
      curr_year AS year,
      curr_sn AS sn,
      status AS status,
      flag AS flag,
      create_by AS createBy,
      update_by AS updateBy,
      gmt_create AS gmtCreate,
      gmt_modified AS gmtModified,
      unit_id AS unitId
    FROM flow_proc_def

    WHERE id = #{id,jdbcType=VARCHAR}
  </select>
  
  <select id="getDetailByParam" parameterType="map" resultType="com.spr.web.flow.dto.def.ProcDefDTO">
    SELECT 
      id AS id,
      sort AS sort,
      process_code AS processCode,
      process_name AS processName,
      description AS description,
      numb_template AS numbTemplate,
      curr_year AS year,
      curr_sn AS sn,
      status AS status,
      flag AS flag,
      create_by AS createBy,
      update_by AS updateBy,
      gmt_create AS gmtCreate,
      gmt_modified AS gmtModified,
      unit_id AS unitId
    FROM flow_proc_def
    <include refid="select_condition" />
  </select>

  <delete id="deleteById" parameterType="java.lang.String">
    delete from flow_proc_def
    where id = #{id,jdbcType=VARCHAR}
  </delete>

  <insert id="insert" parameterType="com.spr.web.flow.entity.ProcDef">
    <selectKey keyProperty="id" order="BEFORE" resultType="java.lang.String">
      SELECT REPLACE(UUID(),'-','')
    </selectKey>
    insert into flow_proc_def (id, sort, process_code, 
      process_name, description, numb_template ,curr_year,
      curr_sn,status, 
      flag, create_by, update_by, 
      gmt_create, gmt_modified,unit_id)
    values (#{id,jdbcType=VARCHAR}, #{sort,jdbcType=BIGINT}, #{processCode,jdbcType=VARCHAR}, 
      #{processName,jdbcType=VARCHAR}, #{description,jdbcType=VARCHAR}, #{numbTemplate,jdbcType=VARCHAR},#{year,jdbcType=VARCHAR},#{sn,jdbcType=INTEGER},#{status,jdbcType=SMALLINT}, 
      #{flag,jdbcType=SMALLINT}, #{createBy,jdbcType=VARCHAR}, #{updateBy,jdbcType=VARCHAR}, 
      #{gmtCreate,jdbcType=TIMESTAMP}, #{gmtModified,jdbcType=TIMESTAMP}, #{unitId,jdbcType=VARCHAR})
  </insert>
	
  <insert id="insertSelective" parameterType="com.spr.web.flow.entity.ProcDef">
    <selectKey keyProperty="id" order="BEFORE" resultType="java.lang.String">
      SELECT REPLACE(UUID(),'-','')
    </selectKey>
    insert into flow_proc_def
    <trim prefix="(" suffix=")" suffixOverrides=",">
      id,
      <if test="sort != null">
        sort,
      </if>
      <if test="processCode != null">
        process_code,
      </if>
      <if test="processName != null">
        process_name,
      </if>
      <if test="description != null">
        description,
      </if>
      <if test="numbTemplate != null">
        numb_template,
      </if>
      <if test="year != null">
        curr_year,
      </if>
       <if test="sn != null">
        curr_sn,
      </if>
      <if test="status != null">
        status,
      </if>
      <if test="flag != null">
        flag,
      </if>
      <if test="createBy != null">
        create_by,
      </if>
      <if test="updateBy != null">
        update_by,
      </if>
      <if test="gmtCreate != null">
        gmt_create,
      </if>
      <if test="gmtModified != null">
        gmt_modified,
      </if>
      <if test="unitId != null">
        unit_id,
      </if>
    </trim>
    <trim prefix="values (" suffix=")" suffixOverrides=",">
      #{id,jdbcType=VARCHAR},
      <if test="sort != null">
        #{sort,jdbcType=BIGINT},
      </if>
      <if test="processCode != null">
        #{processCode,jdbcType=VARCHAR},
      </if>
      <if test="processName != null">
        #{processName,jdbcType=VARCHAR},
      </if>
      <if test="description != null">
        #{description,jdbcType=VARCHAR},
      </if>
      <if test="numbTemplate != null">
        #{numbTemplate,jdbcType=VARCHAR},
      </if>
      <if test="year != null">
        #{year,jdbcType=VARCHAR},
      </if>
      <if test="sn != null">
        #{sn,jdbcType=INTEGER},
      </if>
      <if test="status != null">
        #{status,jdbcType=SMALLINT},
      </if>
      <if test="flag != null">
        #{flag,jdbcType=SMALLINT},
      </if>
      <if test="createBy != null">
        #{createBy,jdbcType=VARCHAR},
      </if>
      <if test="updateBy != null">
        #{updateBy,jdbcType=VARCHAR},
      </if>
      <if test="gmtCreate != null">
        #{gmtCreate,jdbcType=TIMESTAMP},
      </if>
      <if test="gmtModified != null">
        #{gmtModified,jdbcType=TIMESTAMP},
      </if>
      <if test="unitId != null">
        #{unitId,jdbcType=VARCHAR},
      </if>
    </trim>
  </insert>

  <update id="updateSelective" parameterType="com.spr.web.flow.entity.ProcDef">
    update flow_proc_def
    <set>
      <if test="sort != null">
        sort = #{sort,jdbcType=BIGINT},
      </if>
      <if test="processCode != null">
        process_code = #{processCode,jdbcType=VARCHAR},
      </if>
      <if test="processName != null">
        process_name = #{processName,jdbcType=VARCHAR},
      </if>
      <if test="description != null">
        description = #{description,jdbcType=VARCHAR},
      </if>
      <if test="numbTemplate != null">
        numb_template = #{numbTemplate,jdbcType=VARCHAR},
      </if>
      <if test="year != null and year !=''">
        curr_year = #{year,jdbcType=VARCHAR},
      </if>
      <if test="sn != null and sn !=''">
        curr_sn = #{sn,jdbcType=INTEGER},
      </if>
      <if test="status != null">
        status = #{status,jdbcType=SMALLINT},
      </if>
      <if test="flag != null">
        flag = #{flag,jdbcType=SMALLINT},
      </if>
      <if test="createBy != null">
        create_by = #{createBy,jdbcType=VARCHAR},
      </if>
      <if test="updateBy != null">
        update_by = #{updateBy,jdbcType=VARCHAR},
      </if>
      <if test="gmtCreate != null">
        gmt_create = #{gmtCreate,jdbcType=TIMESTAMP},
      </if>
      <if test="gmtModified != null">
        gmt_modified = #{gmtModified,jdbcType=TIMESTAMP},
      </if>
      <if test="unitId != null">
        unit_id = #{unitId,jdbcType=VARCHAR},
      </if>
    </set>
    where id = #{id,jdbcType=VARCHAR}
  </update>

  <update id="update" parameterType="com.spr.web.flow.entity.ProcDef">
    update flow_proc_def
    set sort = #{sort,jdbcType=BIGINT},
      process_code = #{processCode,jdbcType=VARCHAR},
      process_name = #{processName,jdbcType=VARCHAR},
      description = #{description,jdbcType=VARCHAR},
      numb_template = #{numbTemplate,jdbcType=VARCHAR},
       curr_year = #{year,jdbcType=VARCHAR},
      curr_sn = #{sn,jdbcType=INTEGER},
      status = #{status,jdbcType=SMALLINT},
      flag = #{flag,jdbcType=SMALLINT},
      create_by = #{createBy,jdbcType=VARCHAR},
      update_by = #{updateBy,jdbcType=VARCHAR},
      gmt_create = #{gmtCreate,jdbcType=TIMESTAMP},
      gmt_modified = #{gmtModified,jdbcType=TIMESTAMP},
      unit_id = #{unitId,jdbcType=VARCHAR}
    where id = #{id,jdbcType=VARCHAR}
  </update>
</mapper>