<?xml version="1.0" encoding="UTF-8"?>
<!DOCTYPE mapper PUBLIC "-//mybatis.org//DTD Mapper 3.0//EN" "http://mybatis.org/dtd/mybatis-3-mapper.dtd">
<mapper namespace="com.spr.core.aspect.trace.dao.TraceInfoDao">
  <resultMap id="BaseResultMap" type="com.spr.core.aspect.trace.entity.TraceInfo">
    <id column="id" jdbcType="VARCHAR" property="id" />
    <result column="trace_id" jdbcType="VARCHAR" property="traceId" />
    <result column="parent_id" jdbcType="VARCHAR" property="parentId" />
    <result column="span_id" jdbcType="VARCHAR" property="spanId" />
    <result column="run_time" jdbcType="BIGINT" property="runTime" />
    <result column="start_time_millis" jdbcType="BIGINT" property="startTimeMillis" />
    <result column="end_time_millis" jdbcType="BIGINT" property="endTimeMillis" />
    <result column="start_time" jdbcType="TIMESTAMP" property="startTime" />
    <result column="end_time" jdbcType="TIMESTAMP" property="endTime" />
    <result column="class_name" jdbcType="VARCHAR" property="className" />
    <result column="method_name" jdbcType="VARCHAR" property="methodName" />
    <result column="args" jdbcType="VARCHAR" property="args" />
    <result column="modifier" jdbcType="VARCHAR" property="modifier" />
    <result column="kind" jdbcType="VARCHAR" property="kind" />
    <result column="context_path" jdbcType="VARCHAR" property="contextPath" />
    <result column="user_id" jdbcType="VARCHAR" property="userId" />
  </resultMap>
  <sql id="Base_Column_List">
    id, trace_id, parent_id, span_id, run_time, start_time_millis, end_time_millis, start_time, 
    end_time, class_name, method_name, args, modifier, kind, context_path, user_id
  </sql>
  <select id="selectByPrimaryKey" parameterType="java.lang.String" resultMap="BaseResultMap">
    select 
    <include refid="Base_Column_List" />
    from trace_info
    where id = #{id,jdbcType=VARCHAR}
  </select>
  <delete id="deleteByPrimaryKey" parameterType="java.lang.String">
    delete from trace_info
    where id = #{id,jdbcType=VARCHAR}
  </delete>
  <insert id="insert" parameterType="com.spr.core.aspect.trace.entity.TraceInfo">
    <selectKey keyProperty="id" order="BEFORE" resultType="java.lang.String">
      SELECT REPLACE(UUID(),'-','')
    </selectKey>
    insert into trace_info (id, trace_id, parent_id, 
      span_id, run_time, start_time_millis, 
      end_time_millis, start_time, end_time, 
      class_name, method_name, args, 
      modifier, kind, context_path, 
      user_id)
    values (#{id,jdbcType=VARCHAR}, #{traceId,jdbcType=VARCHAR}, #{parentId,jdbcType=VARCHAR}, 
      #{spanId,jdbcType=VARCHAR}, #{runTime,jdbcType=BIGINT}, #{startTimeMillis,jdbcType=BIGINT}, 
      #{endTimeMillis,jdbcType=BIGINT}, #{startTime,jdbcType=TIMESTAMP}, #{endTime,jdbcType=TIMESTAMP}, 
      #{className,jdbcType=VARCHAR}, #{methodName,jdbcType=VARCHAR}, #{args,jdbcType=VARCHAR}, 
      #{modifier,jdbcType=VARCHAR}, #{kind,jdbcType=VARCHAR}, #{contextPath,jdbcType=VARCHAR}, 
      #{userId,jdbcType=VARCHAR})
  </insert>
  <insert id="insertSelective" parameterType="com.spr.core.aspect.trace.entity.TraceInfo">
    <selectKey keyProperty="id" order="BEFORE" resultType="java.lang.String">
      SELECT REPLACE(UUID(),'-','')
    </selectKey>
    insert into trace_info
    <trim prefix="(" suffix=")" suffixOverrides=",">
      <if test="id != null">
        id,
      </if>
      <if test="traceId != null">
        trace_id,
      </if>
      <if test="parentId != null">
        parent_id,
      </if>
      <if test="spanId != null">
        span_id,
      </if>
      <if test="runTime != null">
        run_time,
      </if>
      <if test="startTimeMillis != null">
        start_time_millis,
      </if>
      <if test="endTimeMillis != null">
        end_time_millis,
      </if>
      <if test="startTime != null">
        start_time,
      </if>
      <if test="endTime != null">
        end_time,
      </if>
      <if test="className != null">
        class_name,
      </if>
      <if test="methodName != null">
        method_name,
      </if>
      <if test="args != null">
        args,
      </if>
      <if test="modifier != null">
        modifier,
      </if>
      <if test="kind != null">
        kind,
      </if>
      <if test="contextPath != null">
        context_path,
      </if>
      <if test="userId != null">
        user_id,
      </if>
    </trim>
    <trim prefix="values (" suffix=")" suffixOverrides=",">
      <if test="id != null">
        #{id,jdbcType=VARCHAR},
      </if>
      <if test="traceId != null">
        #{traceId,jdbcType=VARCHAR},
      </if>
      <if test="parentId != null">
        #{parentId,jdbcType=VARCHAR},
      </if>
      <if test="spanId != null">
        #{spanId,jdbcType=VARCHAR},
      </if>
      <if test="runTime != null">
        #{runTime,jdbcType=BIGINT},
      </if>
      <if test="startTimeMillis != null">
        #{startTimeMillis,jdbcType=BIGINT},
      </if>
      <if test="endTimeMillis != null">
        #{endTimeMillis,jdbcType=BIGINT},
      </if>
      <if test="startTime != null">
        #{startTime,jdbcType=TIMESTAMP},
      </if>
      <if test="endTime != null">
        #{endTime,jdbcType=TIMESTAMP},
      </if>
      <if test="className != null">
        #{className,jdbcType=VARCHAR},
      </if>
      <if test="methodName != null">
        #{methodName,jdbcType=VARCHAR},
      </if>
      <if test="args != null">
        #{args,jdbcType=VARCHAR},
      </if>
      <if test="modifier != null">
        #{modifier,jdbcType=VARCHAR},
      </if>
      <if test="kind != null">
        #{kind,jdbcType=VARCHAR},
      </if>
      <if test="contextPath != null">
        #{contextPath,jdbcType=VARCHAR},
      </if>
      <if test="userId != null">
        #{userId,jdbcType=VARCHAR},
      </if>
    </trim>
  </insert>
  <update id="updateByPrimaryKeySelective" parameterType="com.spr.core.aspect.trace.entity.TraceInfo">
    update trace_info
    <set>
      <if test="traceId != null">
        trace_id = #{traceId,jdbcType=VARCHAR},
      </if>
      <if test="parentId != null">
        parent_id = #{parentId,jdbcType=VARCHAR},
      </if>
      <if test="spanId != null">
        span_id = #{spanId,jdbcType=VARCHAR},
      </if>
      <if test="runTime != null">
        run_time = #{runTime,jdbcType=BIGINT},
      </if>
      <if test="startTimeMillis != null">
        start_time_millis = #{startTimeMillis,jdbcType=BIGINT},
      </if>
      <if test="endTimeMillis != null">
        end_time_millis = #{endTimeMillis,jdbcType=BIGINT},
      </if>
      <if test="startTime != null">
        start_time = #{startTime,jdbcType=TIMESTAMP},
      </if>
      <if test="endTime != null">
        end_time = #{endTime,jdbcType=TIMESTAMP},
      </if>
      <if test="className != null">
        class_name = #{className,jdbcType=VARCHAR},
      </if>
      <if test="methodName != null">
        method_name = #{methodName,jdbcType=VARCHAR},
      </if>
      <if test="args != null">
        args = #{args,jdbcType=VARCHAR},
      </if>
      <if test="modifier != null">
        modifier = #{modifier,jdbcType=VARCHAR},
      </if>
      <if test="kind != null">
        kind = #{kind,jdbcType=VARCHAR},
      </if>
      <if test="contextPath != null">
        context_path = #{contextPath,jdbcType=VARCHAR},
      </if>
      <if test="userId != null">
        user_id = #{userId,jdbcType=VARCHAR},
      </if>
    </set>
    where id = #{id,jdbcType=VARCHAR}
  </update>
  <update id="updateByPrimaryKey" parameterType="com.spr.core.aspect.trace.entity.TraceInfo">
    update trace_info
    set trace_id = #{traceId,jdbcType=VARCHAR},
      parent_id = #{parentId,jdbcType=VARCHAR},
      span_id = #{spanId,jdbcType=VARCHAR},
      run_time = #{runTime,jdbcType=BIGINT},
      start_time_millis = #{startTimeMillis,jdbcType=BIGINT},
      end_time_millis = #{endTimeMillis,jdbcType=BIGINT},
      start_time = #{startTime,jdbcType=TIMESTAMP},
      end_time = #{endTime,jdbcType=TIMESTAMP},
      class_name = #{className,jdbcType=VARCHAR},
      method_name = #{methodName,jdbcType=VARCHAR},
      args = #{args,jdbcType=VARCHAR},
      modifier = #{modifier,jdbcType=VARCHAR},
      kind = #{kind,jdbcType=VARCHAR},
      context_path = #{contextPath,jdbcType=VARCHAR},
      user_id = #{userId,jdbcType=VARCHAR}
    where id = #{id,jdbcType=VARCHAR}
  </update>
</mapper>