<?xml version="1.0" encoding="UTF-8"?>
<!DOCTYPE mapper PUBLIC "-//mybatis.org//DTD Mapper 3.0//EN" "http://mybatis.org/dtd/mybatis-3-mapper.dtd">
<mapper namespace="com.zxh.crawlerdisplay.web.fundation.dao.IFundationDao">

  <resultMap id="BaseResultMap" type="com.zxh.crawlerdisplay.web.fundation.entity.Fundation">
    
    		<id column="id" jdbcType="VARCHAR" property="id" />
    		<result column="code" jdbcType="INTEGER" property="code" />
    		<result column="fundation_name" jdbcType="VARCHAR" property="fundationName" />
    		<result column="crawl_status" jdbcType="INTEGER" property="crawlStatus" />
    		<result column="gmt_create" jdbcType="TIMESTAMP" property="gmtCreate" />
    		<result column="gmt_modify" jdbcType="TIMESTAMP" property="gmtModify" />
  </resultMap>

  <sql id="Base_Column_List">
        id,
        code,
        fundation_name,
        crawl_status,
        gmt_create,
        gmt_modify
  </sql>

  <select id="getById" parameterType="java.lang.String" resultMap="BaseResultMap">
    select 
    <include refid="Base_Column_List" />
    from FUNDATION
    where id = #{id,jdbcType=VARCHAR}
  </select>


  
  <sql id="select_contition" >
  </sql>
  
  
  
  <select id="countByCondition" parameterType="com.zxh.crawlerdisplay.web.fundation.dto.FundationDTO" resultType="long">
    select count(*) from FUNDATION 
	<include refid="select_contition" />
  </select>

  <select id="selectListByCondition" parameterType="map" resultType="com.zxh.crawlerdisplay.web.fundation.dto.FundationDTO">
    select 
        id AS id,
        code AS code,
        fundation_name AS fundationName,
        crawl_status AS crawlStatus,
        gmt_create AS gmtCreate,
        gmt_modify AS gmtModify
    from FUNDATION
	<include refid="select_contition" />
    <if test="sidx!=null and sord!=null">
      ORDER BY ${sidx} ${sord} 
    </if>
    <if test="startQuery!=null and pageSize!=null">
      LIMIT #{startQuery},#{pageSize}  
    </if>
  </select>

  <select id="getDetailById" parameterType="java.lang.String" resultType="com.zxh.crawlerdisplay.web.fundation.dto.FundationDTO">
    select 
        id AS id,
        code AS code,
        fundation_name AS fundationName,
        crawl_status AS crawlStatus,
        gmt_create AS gmtCreate,
        gmt_modify AS gmtModify
    from FUNDATION
    where id = #{id,jdbcType=VARCHAR}
  </select>

  <delete id="deleteById" parameterType="java.lang.String">
    delete from FUNDATION
    where id = #{id,jdbcType=VARCHAR}
  </delete>

  <insert id="insert" keyColumn="id" keyProperty="id" parameterType="com.zxh.crawlerdisplay.web.fundation.entity.Fundation" useGeneratedKeys="true">
    insert into FUNDATION (
	    	id,
	    	code,
	    	fundation_name,
	    	crawl_status,
	    	gmt_create,
	    	gmt_modify
      )
    values (
    		#{id,jdbcType=INTEGER},
    		#{code,jdbcType=INTEGER},
    		#{fundationName,jdbcType=VARCHAR},
    		#{crawlStatus,jdbcType=INTEGER},
    		#{gmtCreate,jdbcType=TIMESTAMP},
    		#{gmtModify,jdbcType=TIMESTAMP}
      )
  </insert>

  <insert id="insertSelective" keyColumn="id" keyProperty="id" parameterType="com.zxh.crawlerdisplay.web.fundation.entity.Fundation" useGeneratedKeys="true">
    <selectKey keyProperty="id" order="BEFORE" resultType="java.lang.String">
      SELECT REPLACE(UUID(),'-','')
    </selectKey>
    insert into FUNDATION
    <trim prefix="(" suffix=")" suffixOverrides=",">
	      <if test="id != null">
	        id,
	      </if>
	      <if test="code != null">
	        code,
	      </if>
	      <if test="fundationName != null">
	        fundation_name,
	      </if>
	      <if test="crawlStatus != null">
	        crawl_status,
	      </if>
	      <if test="gmtCreate != null">
	        gmt_create,
	      </if>
	      <if test="gmtModify != null">
	        gmt_modify,
	      </if>
    </trim>
    <trim prefix="values (" suffix=")" suffixOverrides=",">
		      <if test="id != null">
		        #{id,jdbcType=INTEGER},
		      </if>
		      <if test="code != null">
		        #{code,jdbcType=INTEGER},
		      </if>
		      <if test="fundationName != null">
		        #{fundationName,jdbcType=VARCHAR},
		      </if>
		      <if test="crawlStatus != null">
		        #{crawlStatus,jdbcType=INTEGER},
		      </if>
		      <if test="gmtCreate != null">
		        #{gmtCreate,jdbcType=TIMESTAMP},
		      </if>
		      <if test="gmtModify != null">
		        #{gmtModify,jdbcType=TIMESTAMP},
		      </if>
    </trim>
  </insert>

  <update id="updateSelective" parameterType="com.zxh.crawlerdisplay.web.fundation.entity.Fundation">
    update FUNDATION
    <set>
		      <if test="code != null">
		       code = #{code,jdbcType=INTEGER},
		      </if>
		      <if test="fundationName != null">
		       fundation_name = #{fundationName,jdbcType=VARCHAR},
		      </if>
		      <if test="crawlStatus != null">
		       crawl_status = #{crawlStatus,jdbcType=INTEGER},
		      </if>
		      <if test="gmtCreate != null">
		       gmt_create = #{gmtCreate,jdbcType=TIMESTAMP},
		      </if>
		      <if test="gmtModify != null">
		       gmt_modify = #{gmtModify,jdbcType=TIMESTAMP},
		      </if>
    </set>
    where id = #{id,jdbcType=VARCHAR}
  </update>

  <update id="update" parameterType="com.zxh.crawlerdisplay.web.fundation.entity.Fundation">
    update FUNDATION
    set 
		      <if test="code != null">
		       code = #{code,jdbcType=INTEGER},
		      </if>
		      <if test="fundationName != null">
		       fundation_name = #{fundationName,jdbcType=VARCHAR},
		      </if>
		      <if test="crawlStatus != null">
		       crawl_status = #{crawlStatus,jdbcType=INTEGER},
		      </if>
		      <if test="gmtCreate != null">
		       gmt_create = #{gmtCreate,jdbcType=TIMESTAMP},
		      </if>
		      <if test="gmtModify != null">
		       gmt_modify = #{gmtModify,jdbcType=TIMESTAMP}
		      </if>
    where id = #{id,jdbcType=VARCHAR}
  </update>
</mapper>