<?xml version="1.0" encoding="UTF-8"?>
<!DOCTYPE mapper PUBLIC "-//mybatis.org//DTD Mapper 3.0//EN" "http://mybatis.org/dtd/mybatis-3-mapper.dtd">
<mapper namespace="com.spr.web.project.dao.IProjectInfoDao">

  <resultMap id="BaseResultMap" type="com.spr.web.project.entity.ProjectInfo">
    <id column="id" jdbcType="VARCHAR" property="id" />
    <result column="api_pro_id" jdbcType="VARCHAR" property="apiProId" />
    <result column="build_no" jdbcType="VARCHAR" property="buildNo" />
    <result column="pro_name" jdbcType="VARCHAR" property="proName" />
    <result column="pro_addr" jdbcType="VARCHAR" property="proAddr" />
    <result column="build_unit_id" jdbcType="VARCHAR" property="buildUnitId" />
    <result column="agent_unit_id" jdbcType="VARCHAR" property="agentUnitId" />
    <result column="register_time" jdbcType="TIMESTAMP" property="registerTime" />
    <result column="apply_time" jdbcType="TIMESTAMP" property="applyTime" />
    <result column="invest_amount" jdbcType="DECIMAL" property="investAmount" />
    <result column="link_man" jdbcType="VARCHAR" property="linkMan" />
    <result column="link_tel" jdbcType="VARCHAR" property="linkTel" />
    <result column="gmt_input" jdbcType="TIMESTAMP" property="gmtInput" />
    <result column="memo" jdbcType="VARCHAR" property="memo" />
    <result column="evaluate_status" jdbcType="SMALLINT" property="evaluateStatus" />
    <result column="status" jdbcType="SMALLINT" property="status" />
    <result column="flag" jdbcType="SMALLINT" property="flag" />
    <result column="src_flag" jdbcType="SMALLINT" property="srcFlag" />
    <result column="create_by" jdbcType="VARCHAR" property="createBy" />
    <result column="update_by" jdbcType="VARCHAR" property="updateBy" />
    <result column="gmt_create" jdbcType="TIMESTAMP" property="gmtCreate" />
    <result column="gmt_modified" jdbcType="TIMESTAMP" property="gmtModified" />
  </resultMap>

  <sql id="Base_Column_List">
    id, api_pro_id,build_no, pro_name, pro_addr, build_unit_id, agent_unit_id, register_time, apply_time, 
    invest_amount, link_man, link_tel, gmt_input, memo,evaluate_status, status, flag, src_flag, create_by, 
    update_by, gmt_create, gmt_modified
  </sql>

  <select id="getById" parameterType="java.lang.String" resultMap="BaseResultMap">
    select 
    <include refid="Base_Column_List" />
    from project_info
    where id = #{id,jdbcType=VARCHAR}
  </select>

  <select id="countByCondition" parameterType="map" resultType="long">
    SELECT COUNT(*) FROM project_info p 
    <include refid="select_condition" />
  </select>

  <sql id="select_condition">
    <where>
      <if test="id!=null">
        p.id=#{id}
      </if>
      <if test="apiProId!=null">
        AND p.api_pro_id=#{apiProId}
      </if>
      <if test="buildNo!=null">
        AND p.build_no=#{buildNo}
      </if>
      <if test="proName!=null">
        AND p.pro_name like #{proName}
      </if>
      <if test="proAddr!=null">
        AND p.pro_addr=#{proAddr}
      </if>
      <if test="buildUnitId!=null">
        AND p.build_unit_id=#{buildUnitId}
      </if>
      <if test="agentUnitId!=null">
        AND p.agent_unit_id=#{agentUnitId}
      </if>
      <if test="registerTime!=null">
        AND p.register_time=#{registerTime}
      </if>
      <if test="applyTime!=null">
        AND p.apply_time=#{applyTime}
      </if>
      <if test="investAmount!=null">
        AND p.invest_amount=#{investAmount}
      </if>
      <if test="linkMan!=null">
        AND p.link_man=#{linkMan}
      </if>
      <if test="linkTel!=null">
        AND p.link_tel=#{linkTel}
      </if>
      <if test="gmtInput!=null">
        AND p.gmt_input=#{gmtInput}
      </if>
      <if test="memo!=null">
        AND p.memo=#{memo}
      </if>
      <if test="evaluateStatus!=null">
        AND p.evaluate_status=#{evaluateStatus}
      </if>
      <if test="status!=null">
        AND p.status=#{status}
      </if>
      <if test="flag!=null">
        AND p.flag=#{flag}
      </if>
      <if test="srcFlag!=null">
        AND p.src_flag=#{srcFlag}
      </if>
      <if test="createBy!=null">
        AND p.create_by=#{createBy}
      </if>
      <if test="updateBy!=null">
        AND p.update_by=#{updateBy}
      </if>
      <if test="gmtCreate!=null">
        AND p.gmt_create=#{gmtCreate}
      </if>
      <if test="gmtModified!=null">
        AND p.gmt_modified=#{gmtModified}
      </if>
      <if test="ids != null and ids.length > 0">
        AND p.id IN <foreach collection="ids" index="index" item="item" open="(" separator="," close=")">#{item}</foreach>
      </if>
      <if test="notAgentPro!=null">
        AND p.agent_unit_id is null
      </if>
      <if test="agentPro!=null">
         AND p.agent_unit_id is not null
      </if>
    </where>
  </sql>
  
  
  <select id="selectNotEvaluateList" parameterType="map" resultType="map">
  	SELECT
		p.id AS id,
		p.pro_name AS name,
		#{formType} as type
	FROM
		project_info p
	WHERE
		p.evaluate_status = 0
	and p.agent_unit_id IS NOT NULL		 
	<if test="buildUnitId!=null">
		and p.build_unit_id = #{buildUnitId}		
	</if>
	AND p.id NOT IN (
		SELECT
			e.pro_id
		FROM
			evaluate_record e
		WHERE
			e.eng_type_code = 'DJ'
		and e.eval_unit_id = #{evalUnitId}
		and e.flag = 1
		and e.form_type = #{formType}
		<if test="evalBeginTime!=null">
			and e.gmt_eval &gt;=#{evalBeginTime}
		</if>
		<if test="evalEndTime!=null">
			and e.gmt_eval &lt;=#{evalEndTime}  
		</if>
	)  
  </select>
  

  <select id="selectListByCondition" parameterType="map" resultType="com.spr.web.project.dto.project.ProjectInfoDTO">
    select 
      p.id AS id,
      p.api_pro_id AS apiProId,
      p.build_no AS buildNo,
      p.pro_name AS proName,
      p.pro_addr AS proAddr,
      p.build_unit_id AS buildUnitId,
      p.agent_unit_id AS agentUnitId,
      p.register_time AS registerTime,
      p.apply_time AS applyTime,
      p.invest_amount AS investAmount,
      p.link_man AS linkMan,
      p.link_tel AS linkTel,
      p.gmt_input AS gmtInput,
      p.memo AS memo,
      p.evaluate_status as evaluateStatus,
      p.status AS status,
      p.flag AS flag,
      p.src_flag AS srcFlag,
      p.create_by AS createBy,
      p.update_by AS updateBy,
      p.gmt_create AS gmtCreate,
      p.gmt_modified AS gmtModified,
      b.unit_name as buildUnitName,
      a.unit_name as agentUnitName 
    from project_info p
      left join c_unit b on p.build_unit_id = b.id 
      left join c_unit a on p.agent_unit_id = a.id 
    <include refid="select_condition" />
    <if test="sidx!=null and sord!=null">
      ORDER BY ${sidx} ${sord}
    </if>
    <if test="startQuery!=null and pageSize!=null">
      LIMIT #{startQuery},#{pageSize}  
    </if>
  </select>

  <select id="getDetailById" parameterType="java.lang.String" resultType="com.spr.web.project.dto.project.ProjectInfoDTO">
    SELECT 
      p.id AS id,
      p.api_pro_id AS apiProId,
      p.build_no AS buildNo,
      p.pro_name AS proName,
      p.pro_addr AS proAddr,
      p.build_unit_id AS buildUnitId,
      p.agent_unit_id AS agentUnitId,
      p.register_time AS registerTime,
      p.apply_time AS applyTime,
      p.invest_amount AS investAmount,
      p.link_man AS linkMan,
      p.link_tel AS linkTel,
      p.gmt_input AS gmtInput,
      p.memo AS memo,
      p.evaluate_status as evaluateStatus,
      p.status AS status,
      p.flag AS flag,
      p.src_flag AS srcFlag,
      p.create_by AS createBy,
      p.update_by AS updateBy,
      p.gmt_create AS gmtCreate,
      p.gmt_modified AS gmtModified,
      b.unit_name as buildUnitName,
      a.unit_name as agentUnitName    
    FROM project_info p 
    	left join c_unit b on p.build_unit_id = b.id 
    	left join c_unit a on p.agent_unit_id = a.id 
    WHERE p.id = #{id,jdbcType=VARCHAR}
  </select>
  
  
  <select id="getDetailByProName" parameterType="java.lang.String" resultType="com.spr.web.project.dto.project.ProjectInfoDTO">
    SELECT 
      p.id AS id,
      p.api_pro_id AS apiProId,
      p.build_no AS buildNo,
      p.pro_name AS proName,
      p.pro_addr AS proAddr,
      p.build_unit_id AS buildUnitId,
      p.agent_unit_id AS agentUnitId,
      p.register_time AS registerTime,
      p.apply_time AS applyTime,
      p.invest_amount AS investAmount,
      p.link_man AS linkMan,
      p.link_tel AS linkTel,
      p.gmt_input AS gmtInput,
      p.memo AS memo,
      p.evaluate_status as evaluateStatus,
      p.status AS status,
      p.flag AS flag,
      p.src_flag AS srcFlag,
      p.create_by AS createBy,
      p.update_by AS updateBy,
      p.gmt_create AS gmtCreate,
      p.gmt_modified AS gmtModified,
      b.unit_name as buildUnitName,
      a.unit_name as agentUnitName    
    FROM project_info p 
    	left join c_unit b on p.build_unit_id = b.id 
    	left join c_unit a on p.agent_unit_id = a.id 
    WHERE p.pro_name = #{proName,jdbcType=VARCHAR}
  </select>

  <delete id="deleteById" parameterType="java.lang.String">
    delete from project_info
    where id = #{id,jdbcType=VARCHAR}
  </delete>

  <insert id="insert" parameterType="com.spr.web.project.entity.ProjectInfo">
    <selectKey keyProperty="id" order="BEFORE" resultType="java.lang.String">
      SELECT REPLACE(UUID(),'-','')
    </selectKey>
    insert into project_info (id,api_pro_id,build_no, pro_name, 
      pro_addr, build_unit_id, agent_unit_id, 
      register_time, apply_time, invest_amount, 
      link_man, link_tel, gmt_input, 
      memo,evaluate_status, status, flag, 
      src_flag, create_by, update_by, 
      gmt_create, gmt_modified)
    values (#{id,jdbcType=VARCHAR},#{apiProId,jdbcType=VARCHAR}, #{buildNo,jdbcType=VARCHAR}, #{proName,jdbcType=VARCHAR}, 
      #{proAddr,jdbcType=VARCHAR}, #{buildUnitId,jdbcType=VARCHAR}, #{agentUnitId,jdbcType=VARCHAR}, 
      #{registerTime,jdbcType=TIMESTAMP}, #{applyTime,jdbcType=TIMESTAMP}, #{investAmount,jdbcType=DECIMAL}, 
      #{linkMan,jdbcType=VARCHAR}, #{linkTel,jdbcType=VARCHAR}, #{gmtInput,jdbcType=TIMESTAMP}, 
      #{memo,jdbcType=VARCHAR},#{evaluateStatus,jdbcType=SMALLINT}, #{status,jdbcType=SMALLINT}, #{flag,jdbcType=SMALLINT}, 
      #{srcFlag,jdbcType=SMALLINT}, #{createBy,jdbcType=VARCHAR}, #{updateBy,jdbcType=VARCHAR}, 
      #{gmtCreate,jdbcType=TIMESTAMP}, #{gmtModified,jdbcType=TIMESTAMP})
  </insert>

  <insert id="insertSelective" parameterType="com.spr.web.project.entity.ProjectInfo">
    <selectKey keyProperty="id" order="BEFORE" resultType="java.lang.String">
      SELECT REPLACE(UUID(),'-','')
    </selectKey>
    insert into project_info
    <trim prefix="(" suffix=")" suffixOverrides=",">
      id,
      <if test="apiProId != null">
        api_pro_id,
      </if>
      <if test="buildNo != null">
        build_no,
      </if>
      <if test="proName != null">
        pro_name,
      </if>
      <if test="proAddr != null">
        pro_addr,
      </if>
      <if test="buildUnitId != null">
        build_unit_id,
      </if>
      <if test="agentUnitId != null">
        agent_unit_id,
      </if>
      <if test="registerTime != null">
        register_time,
      </if>
      <if test="applyTime != null">
        apply_time,
      </if>
      <if test="investAmount != null">
        invest_amount,
      </if>
      <if test="linkMan != null">
        link_man,
      </if>
      <if test="linkTel != null">
        link_tel,
      </if>
      <if test="gmtInput != null">
        gmt_input,
      </if>
      <if test="memo != null">
        memo,
      </if>
      <if test="evaluateStatus != null">
        evaluate_status,
      </if> 
      <if test="status != null">
        status,
      </if>
      <if test="flag != null">
        flag,
      </if>
      <if test="srcFlag != null">
        src_flag,
      </if>
      <if test="createBy != null">
        create_by,
      </if>
      <if test="updateBy != null">
        update_by,
      </if>
      <if test="gmtCreate != null">
        gmt_create,
      </if>
      <if test="gmtModified != null">
        gmt_modified,
      </if>
    </trim>
    <trim prefix="values (" suffix=")" suffixOverrides=",">
      #{id,jdbcType=VARCHAR},
      <if test="apiProId != null">
        #{apiProId,jdbcType=VARCHAR},
      </if>
      <if test="buildNo != null">
        #{buildNo,jdbcType=VARCHAR},
      </if>
      <if test="proName != null">
        #{proName,jdbcType=VARCHAR},
      </if>
      <if test="proAddr != null">
        #{proAddr,jdbcType=VARCHAR},
      </if>
      <if test="buildUnitId != null">
        #{buildUnitId,jdbcType=VARCHAR},
      </if>
      <if test="agentUnitId != null">
        #{agentUnitId,jdbcType=VARCHAR},
      </if>
      <if test="registerTime != null">
        #{registerTime,jdbcType=TIMESTAMP},
      </if>
      <if test="applyTime != null">
        #{applyTime,jdbcType=TIMESTAMP},
      </if>
      <if test="investAmount != null">
        #{investAmount,jdbcType=DECIMAL},
      </if>
      <if test="linkMan != null">
        #{linkMan,jdbcType=VARCHAR},
      </if>
      <if test="linkTel != null">
        #{linkTel,jdbcType=VARCHAR},
      </if>
      <if test="gmtInput != null">
        #{gmtInput,jdbcType=TIMESTAMP},
      </if>
      <if test="memo != null">
        #{memo,jdbcType=VARCHAR},
      </if>
      <if test="evaluateStatus != null">
        #{evaluate_status,jdbcType=SMALLINT},
      </if> 
      <if test="status != null">
        #{status,jdbcType=SMALLINT},
      </if>
      <if test="flag != null">
        #{flag,jdbcType=SMALLINT},
      </if>
      <if test="srcFlag != null">
        #{srcFlag,jdbcType=SMALLINT},
      </if>
      <if test="createBy != null">
        #{createBy,jdbcType=VARCHAR},
      </if>
      <if test="updateBy != null">
        #{updateBy,jdbcType=VARCHAR},
      </if>
      <if test="gmtCreate != null">
        #{gmtCreate,jdbcType=TIMESTAMP},
      </if>
      <if test="gmtModified != null">
        #{gmtModified,jdbcType=TIMESTAMP},
      </if>
    </trim>
  </insert>

  <update id="updateSelective" parameterType="com.spr.web.project.entity.ProjectInfo">
    update project_info
    <set>
      <if test="apiProId != null">
        api_pro_id = #{apiProId,jdbcType=VARCHAR},
      </if>
      <if test="buildNo != null">
        build_no = #{buildNo,jdbcType=VARCHAR},
      </if>
      <if test="proName != null">
        pro_name = #{proName,jdbcType=VARCHAR},
      </if>
      <if test="proAddr != null">
        pro_addr = #{proAddr,jdbcType=VARCHAR},
      </if>
      <if test="buildUnitId != null">
        build_unit_id = #{buildUnitId,jdbcType=VARCHAR},
      </if>
      <if test="agentUnitId != null">
        agent_unit_id = #{agentUnitId,jdbcType=VARCHAR},
      </if>
      <if test="registerTime != null">
        register_time = #{registerTime,jdbcType=TIMESTAMP},
      </if>
      <if test="applyTime != null">
        apply_time = #{applyTime,jdbcType=TIMESTAMP},
      </if>
      <if test="investAmount != null">
        invest_amount = #{investAmount,jdbcType=DECIMAL},
      </if>
      <if test="linkMan != null">
        link_man = #{linkMan,jdbcType=VARCHAR},
      </if>
      <if test="linkTel != null">
        link_tel = #{linkTel,jdbcType=VARCHAR},
      </if>
      <if test="gmtInput != null">
        gmt_input = #{gmtInput,jdbcType=TIMESTAMP},
      </if>
      <if test="memo != null">
        memo = #{memo,jdbcType=VARCHAR},
      </if>
      <if test="evaluateStatus != null">
        evaluate_status = #{evaluateStatus,jdbcType=SMALLINT},
      </if>
      <if test="status != null">
        status = #{status,jdbcType=SMALLINT},
      </if>
      <if test="flag != null">
        flag = #{flag,jdbcType=SMALLINT},
      </if>
      <if test="srcFlag != null">
        src_flag = #{srcFlag,jdbcType=SMALLINT},
      </if>
      <if test="createBy != null">
        create_by = #{createBy,jdbcType=VARCHAR},
      </if>
      <if test="updateBy != null">
        update_by = #{updateBy,jdbcType=VARCHAR},
      </if>
      <if test="gmtCreate != null">
        gmt_create = #{gmtCreate,jdbcType=TIMESTAMP},
      </if>
      <if test="gmtModified != null">
        gmt_modified = #{gmtModified,jdbcType=TIMESTAMP},
      </if>
    </set>
    where id = #{id,jdbcType=VARCHAR}
  </update>

  <update id="update" parameterType="com.spr.web.project.entity.ProjectInfo">
    update project_info
    set 
      api_pro_id = #{apiProId,jdbcType=VARCHAR},
      build_no = #{buildNo,jdbcType=VARCHAR},
      pro_name = #{proName,jdbcType=VARCHAR},
      pro_addr = #{proAddr,jdbcType=VARCHAR},
      build_unit_id = #{buildUnitId,jdbcType=VARCHAR},
      agent_unit_id = #{agentUnitId,jdbcType=VARCHAR},
      register_time = #{registerTime,jdbcType=TIMESTAMP},
      apply_time = #{applyTime,jdbcType=TIMESTAMP},
      invest_amount = #{investAmount,jdbcType=DECIMAL},
      link_man = #{linkMan,jdbcType=VARCHAR},
      link_tel = #{linkTel,jdbcType=VARCHAR},
      gmt_input = #{gmtInput,jdbcType=TIMESTAMP},
      memo = #{memo,jdbcType=VARCHAR},
      evaluate_status = #{evaluateStatus,jdbcType=SMALLINT},
      status = #{status,jdbcType=SMALLINT},
      flag = #{flag,jdbcType=SMALLINT},
      src_flag = #{srcFlag,jdbcType=SMALLINT},
      create_by = #{createBy,jdbcType=VARCHAR},
      update_by = #{updateBy,jdbcType=VARCHAR},
      gmt_create = #{gmtCreate,jdbcType=TIMESTAMP},
      gmt_modified = #{gmtModified,jdbcType=TIMESTAMP}
    where id = #{id,jdbcType=VARCHAR}
  </update>
</mapper>