<?xml version="1.0" encoding="UTF-8"?>
<!DOCTYPE mapper PUBLIC "-//mybatis.org//DTD Mapper 3.0//EN" "http://mybatis.org/dtd/mybatis-3-mapper.dtd">
<mapper namespace="com.spr.web.project.dao.IProjectPartInfoDao">

  <resultMap id="BaseResultMap" type="com.spr.web.project.entity.ProjectPartInfo">
    <id column="id" jdbcType="VARCHAR" property="id" />
    <result column="api_eng_id" jdbcType="VARCHAR" property="apiEngId" />
    <result column="pro_id" jdbcType="VARCHAR" property="proId" />
    <result column="api_pro_id" jdbcType="VARCHAR" property="apiProId" />
    <result column="part_name" jdbcType="VARCHAR" property="partName" />
    <result column="part_no" jdbcType="VARCHAR" property="partNo" />
    <result column="part_address" jdbcType="VARCHAR" property="partAddress" />
    <result column="part_amount" jdbcType="DECIMAL" property="partAmount" />
    <result column="eng_type_code" jdbcType="VARCHAR" property="engTypeCode" />
    <result column="contractor_unit_id" jdbcType="VARCHAR" property="contractorUnitId" />
    <result column="gmt_signed" jdbcType="TIMESTAMP" property="gmtSigned" />
    <result column="link_man" jdbcType="VARCHAR" property="linkMan" />
    <result column="link_tel" jdbcType="VARCHAR" property="linkTel" />
    <result column="register_time" jdbcType="TIMESTAMP" property="registerTime" />
    <result column="start_time" jdbcType="TIMESTAMP" property="startTime" />
    <result column="end_time" jdbcType="TIMESTAMP" property="endTime" />
    <result column="memo" jdbcType="VARCHAR" property="memo" />
    <result column="evaluate_status" jdbcType="SMALLINT" property="evaluateStatus" />
    <result column="status" jdbcType="SMALLINT" property="status" />
    <result column="flag" jdbcType="SMALLINT" property="flag" />
    <result column="create_by" jdbcType="VARCHAR" property="createBy" />
    <result column="update_by" jdbcType="VARCHAR" property="updateBy" />
    <result column="gmt_create" jdbcType="TIMESTAMP" property="gmtCreate" />
    <result column="gmt_modified" jdbcType="TIMESTAMP" property="gmtModified" />
    <result column="project_manager" jdbcType="VARCHAR" property="projectManager" />
    <result column="supervision_director" jdbcType="VARCHAR" property="supervisionDirector" />
    <result column="master_man" jdbcType="VARCHAR" property="masterMan" />
  </resultMap>

  <sql id="Base_Column_List">
    id, api_eng_id,pro_id, api_pro_id,part_name, part_no,part_address,part_amount, eng_type_code, contractor_unit_id, gmt_signed, 
    link_man, link_tel,register_time, start_time, end_time, memo,evaluate_status, status, flag, create_by, update_by, project_manager, 
    supervision_director,master_man,gmt_create, gmt_modified
  </sql>

  <select id="getById" parameterType="java.lang.String" resultMap="BaseResultMap">
    select 
    <include refid="Base_Column_List" />
    from project_part_info
    where id = #{id,jdbcType=VARCHAR}
  </select>

  <select id="countByCondition" parameterType="map" resultType="long">
    SELECT COUNT(*) FROM project_part_info a
    left join project_info b on a.pro_id = b.id
    <include refid="select_condition" />
  </select>

  <sql id="select_condition">
    <where>
      <if test="id!=null">
        id=#{id}
      </if>
      <if test="proId!=null">
        AND a.pro_id=#{proId}
      </if>
      <if test="partName!=null">
        AND a.part_name like #{partName}
      </if>
      <if test="partAmount!=null">
        AND a.part_amount=#{partAmount}
      </if>
      <if test="engTypeCode!=null">
        AND a.eng_type_code=#{engTypeCode}
      </if>
      <if test="contractorUnitId!=null">
        AND a.contractor_unit_id=#{contractorUnitId}
      </if>
      <if test="gmtSigned!=null">
        AND a.gmt_signed=#{gmtSigned}
      </if>
      <if test="linkMan!=null">
        AND a.link_man=#{linkMan}
      </if>
      <if test="linkTel!=null">
        AND a.link_tel=#{linkTel}
      </if>
      <if test="startTime!=null">
        AND a.start_time=#{startTime}
      </if>
      <if test="endTime!=null">
        AND a.end_time=#{endTime}
      </if>
      <if test="memo!=null">
        AND a.memo=#{memo}
      </if>
      <if test="evaluateStatus!=null">
        AND a.evaluate_status=#{evaluateStatus}
      </if>
      <if test="status!=null">
        AND a.status=#{status}
      </if>
      <if test="flag!=null">
        AND a.flag=#{flag}
      </if>
      <if test="createBy!=null">
        AND a.create_by=#{createBy}
      </if>
      <if test="updateBy!=null">
        AND a.update_by=#{updateBy}
      </if>
      <if test="gmtCreate!=null">
        AND a.gmt_create=#{gmtCreate}
      </if>
      <if test="gmtModified!=null">
        AND a.gmt_modified=#{gmtModified}
      </if>
      <if test="ids != null and ids.length > 0">
        AND a.id IN <foreach collection="ids" index="index" item="item" open="(" separator="," close=")">#{item}</foreach>
      </if>      
      <if test="apiEngId!=null">
        AND a.api_eng_id=#{apiEngId}
      </if>
      <if test="apiProId!=null">
        AND a.api_pro_id=#{apiProId}
      </if>
      <if test="partAddress!=null">
        AND a.part_address=#{partAddress}
      </if>
      <if test="partNo!=null">
        AND a.part_no=#{partNo}
      </if>
      <if test="registerTime!=null">
        AND a.register_time=#{registerTime}
      </if>
      <if test="buildUnitId!=null">
        AND b.build_unit_id =#{buildUnitId}
      </if>
      <if test="agentUnitId!=null">
        AND b.agent_unit_id =#{agentUnitId}
      </if> 
    </where>
  </sql>
  
  
   <select id="selectNotEvaluateList" resultType="map" parameterType="map">
    SELECT 
      part.id AS id,
      part.part_name AS name,
      #{formType} as type
    FROM project_part_info part
    	INNER JOIN project_info pro on part.pro_id = pro.id
    WHERE
      part.evaluate_status = 0
      <if test="buildUnitId!=null">
      and pro.build_unit_id =#{buildUnitId} and pro.agent_unit_id is null
      </if>
      <if test="agentUnitId!=null">
      and pro.agent_unit_id =#{agentUnitId}
      </if>   
		and
		 part.id not in (
		 	SELECT 
		 		e.part_id 
	 		FROM 
	 			evaluate_record e
 			WHERE
 				e.flag = 1 				  
 				and e.eng_type_code != 'DJ'
 				and e.form_type = #{formType}
 				and e.eval_unit_id = #{evalUnitId}
 				
 			<if test="evalBeginTime!=null">
				and e.gmt_eval &gt;=#{evalBeginTime}
			</if>
			<if test="evalEndTime!=null">
				and e.gmt_eval &lt;=#{evalEndTime}  
			</if>				
		)
  </select>

  <select id="selectListByCondition" parameterType="map" resultType="com.spr.web.project.dto.part.ProjectPartInfoDTO">
    select 
      a.id AS id,
      a.pro_id AS proId,
      a.part_name AS partName,
      a.part_amount AS partAmount,
      a.eng_type_code AS engTypeCode,
      a.contractor_unit_id AS contractorUnitId,
      a.gmt_signed AS gmtSigned,
      a.link_man AS linkMan,
      a.link_tel AS linkTel,
      a.start_time AS startTime,
      a.end_time AS endTime,
      a.evaluate_status as evaluateStatus,
      a.status AS status,
      a.flag AS flag,
      a.create_by AS createBy,
      a.update_by AS updateBy,
      a.gmt_create AS gmtCreate,
      a.gmt_modified AS gmtModified,
      a.api_eng_id as apiEngId,
      a.api_pro_id as apiProId,
      a.part_address as partAddress,
      a.part_no as partNo,
      a.register_time as registerTime,    
      a.project_manager as projectManager, 
      a.supervision_director as supervisionDirector, 
      a.master_man as masterMan,
      b.pro_name AS proName,
      b.agent_unit_id as agentUnitId,
      c.unit_name AS contractorUnitName
    from project_part_info a
    left join project_info b on a.pro_id = b.id
    left join c_unit c on a.contractor_unit_id = c.id
    <include refid="select_condition" />
    <if test="sidx!=null and sord!=null">
      ORDER BY ${sidx} ${sord}
    </if>
    <if test="startQuery!=null and pageSize!=null">
      LIMIT #{startQuery},#{pageSize}  
    </if>
  </select>

  <select id="getDetailById" parameterType="java.lang.String" resultType="com.spr.web.project.dto.part.ProjectPartInfoDTO">
    SELECT 
      a.id AS id,
      a.pro_id AS proId,
      a.part_name AS partName,
      a.part_amount AS partAmount,
      a.eng_type_code AS engTypeCode,
      a.contractor_unit_id AS contractorUnitId,
      a.gmt_signed AS gmtSigned,
      a.link_man AS linkMan,
      a.link_tel AS linkTel,
      a.start_time AS startTime,
      a.end_time AS endTime,
      a.memo AS memo,
      a.evaluate_status as evaluateStatus,
      a.status AS status,
      a.flag AS flag,
      a.create_by AS createBy,
      a.update_by AS updateBy,
      a.gmt_create AS gmtCreate,
      a.gmt_modified AS gmtModified,
      a.api_eng_id as apiEngId,
      a.api_pro_id as apiProId,
      a.part_address as partAddress,
      a.part_no as partNo,
      a.register_time as registerTime, 
      a.project_manager as projectManager, 
      a.supervision_director as supervisionDirector, 
      a.master_man as masterMan,
      b.pro_name AS proName,
      c.unit_name AS contractorUnitName,
      d.type_name AS engTypeName
    FROM project_part_info a
	left join project_info b on a.pro_id = b.id
	left join c_unit c on a.contractor_unit_id = c.id
	left join engineering_type d on a.eng_type_code = d.type_code
    WHERE a.id = #{id,jdbcType=VARCHAR}
  </select>

  <delete id="deleteById" parameterType="java.lang.String">
    delete from project_part_info
    where id = #{id,jdbcType=VARCHAR}
  </delete>

  <insert id="insert" parameterType="com.spr.web.project.entity.ProjectPartInfo">
    <selectKey keyProperty="id" order="BEFORE" resultType="java.lang.String">
      SELECT REPLACE(UUID(),'-','')
    </selectKey>
    insert into project_part_info (id, pro_id, part_name, 
      part_amount, eng_type_code, contractor_unit_id, 
      gmt_signed, link_man, link_tel, 
      start_time, end_time, memo, evaluate_status,
      status, flag, create_by, 
      update_by, gmt_create, gmt_modified,
      api_eng_id, api_pro_id,part_address, part_no, register_time, 
      project_manager, supervision_director, master_man
      )
    values (#{id,jdbcType=VARCHAR}, #{proId,jdbcType=VARCHAR}, #{partName,jdbcType=VARCHAR}, 
      #{partAmount,jdbcType=DECIMAL}, #{engTypeCode,jdbcType=VARCHAR}, #{contractorUnitId,jdbcType=VARCHAR}, 
      #{gmtSigned,jdbcType=TIMESTAMP}, #{linkMan,jdbcType=VARCHAR}, #{linkTel,jdbcType=VARCHAR}, 
      #{startTime,jdbcType=TIMESTAMP}, #{endTime,jdbcType=TIMESTAMP}, #{memo,jdbcType=VARCHAR}, #{evaluateStatus,jdbcType=SMALLINT},
      #{status,jdbcType=SMALLINT}, #{flag,jdbcType=SMALLINT}, #{createBy,jdbcType=VARCHAR}, 
      #{updateBy,jdbcType=VARCHAR}, #{gmtCreate,jdbcType=TIMESTAMP}, #{gmtModified,jdbcType=TIMESTAMP},
      #{apiEngId,jdbcType=VARCHAR},#{apiProId,jdbcType=VARCHAR},#{partAddress,jdbcType=VARCHAR},
      #{partNo,jdbcType=VARCHAR},#{registerTime,jdbcType=TIMESTAMP},#{projectManager,jdbcType=VARCHAR},
      #{supervisionDirector,jdbcType=VARCHAR},#{masterMan,jdbcType=VARCHAR}
      )
  </insert>

  <insert id="insertSelective" parameterType="com.spr.web.project.entity.ProjectPartInfo">
    <selectKey keyProperty="id" order="BEFORE" resultType="java.lang.String">
      SELECT REPLACE(UUID(),'-','')
    </selectKey>
    insert into project_part_info
    <trim prefix="(" suffix=")" suffixOverrides=",">
      id,
      <if test="proId != null">
        pro_id,
      </if>
      <if test="partName != null">
        part_name,
      </if>
      <if test="partAmount != null">
        part_amount,
      </if>
      <if test="engTypeCode != null">
        eng_type_code,
      </if>
      <if test="contractorUnitId != null">
        contractor_unit_id,
      </if>
      <if test="gmtSigned != null">
        gmt_signed,
      </if>
      <if test="linkMan != null">
        link_man,
      </if>
      <if test="linkTel != null">
        link_tel,
      </if>
      <if test="startTime != null">
        start_time,
      </if>
      <if test="endTime != null">
        end_time,
      </if>
      <if test="memo != null">
        memo,
      </if>
      <if test="evaluateStatus != null">
        evaluate_status,
      </if> 
      <if test="status != null">
        status,
      </if>
      <if test="flag != null">
        flag,
      </if>
      <if test="createBy != null">
        create_by,
      </if>
      <if test="updateBy != null">
        update_by,
      </if>
      <if test="gmtCreate != null">
        gmt_create,
      </if>
      <if test="gmtModified != null">
        gmt_modified,
      </if>
      <if test="apiEngId!=null">
        api_eng_id,
      </if>
      <if test="apiProId!=null">
        api_pro_id,
      </if>
      <if test="partAddress!=null">
        part_address,
      </if>
      <if test="partNo!=null">
        part_no,
      </if>
      <if test="registerTime!=null">
        register_time,
      </if>
      <if test="projectManager!=null">
        project_manager,
      </if>
      <if test="supervisionDirector!=null">
        supervision_director,
      </if>
      <if test="masterMan!=null">
        master_man,
      </if>
    </trim>
    <trim prefix="values (" suffix=")" suffixOverrides=",">
      #{id,jdbcType=VARCHAR},
      <if test="proId != null">
        #{proId,jdbcType=VARCHAR},
      </if>
      <if test="partName != null">
        #{partName,jdbcType=VARCHAR},
      </if>
      <if test="partAmount != null">
        #{partAmount,jdbcType=DECIMAL},
      </if>
      <if test="engTypeCode != null">
        #{engTypeCode,jdbcType=VARCHAR},
      </if>
      <if test="contractorUnitId != null">
        #{contractorUnitId,jdbcType=VARCHAR},
      </if>
      <if test="gmtSigned != null">
        #{gmtSigned,jdbcType=TIMESTAMP},
      </if>
      <if test="linkMan != null">
        #{linkMan,jdbcType=VARCHAR},
      </if>
      <if test="linkTel != null">
        #{linkTel,jdbcType=VARCHAR},
      </if>
      <if test="startTime != null">
        #{startTime,jdbcType=TIMESTAMP},
      </if>
      <if test="endTime != null">
        #{endTime,jdbcType=TIMESTAMP},
      </if>
      <if test="memo != null">
        #{memo,jdbcType=VARCHAR},
      </if>
      <if test="evaluateStatus != null">
        #{evaluate_status,jdbcType=SMALLINT},
      </if> 
      <if test="status != null">
        #{status,jdbcType=SMALLINT},
      </if>
      <if test="flag != null">
        #{flag,jdbcType=SMALLINT},
      </if>
      <if test="createBy != null">
        #{createBy,jdbcType=VARCHAR},
      </if>
      <if test="updateBy != null">
        #{updateBy,jdbcType=VARCHAR},
      </if>
      <if test="gmtCreate != null">
        #{gmtCreate,jdbcType=TIMESTAMP},
      </if>
      <if test="gmtModified != null">
        #{gmtModified,jdbcType=TIMESTAMP},
      </if>
      <if test="apiEngId!=null">
        #{apiEngId,jdbcType=VARCHAR},
      </if>
      <if test="apiProId!=null">
        #{apiProId,jdbcType=VARCHAR},
      </if>
      <if test="partAddress!=null">
        #{partAddress,jdbcType=VARCHAR},
      </if>
      <if test="partNo!=null">
        #{partNo,jdbcType=VARCHAR},
      </if>
      <if test="registerTime!=null">
        #{registerTime,jdbcType=TIMESTAMP},
      </if>
      <if test="projectManager!=null">
        #{projectManager,jdbcType=VARCHAR},
      </if>
      <if test="supervisionDirector!=null">
        #{supervisionDirector,jdbcType=VARCHAR},
      </if>
      <if test="masterMan!=null">
        #{masterMan,jdbcType=VARCHAR},
      </if>
    </trim>
  </insert>

  <update id="updateSelective" parameterType="com.spr.web.project.entity.ProjectPartInfo">
    update project_part_info
    <set>
      <if test="proId != null">
        pro_id = #{proId,jdbcType=VARCHAR},
      </if>
      <if test="partName != null">
        part_name = #{partName,jdbcType=VARCHAR},
      </if>
      <if test="partAmount != null">
        part_amount = #{partAmount,jdbcType=DECIMAL},
      </if>
      <if test="engTypeCode != null">
        eng_type_code = #{engTypeCode,jdbcType=VARCHAR},
      </if>
      <if test="contractorUnitId != null">
        contractor_unit_id = #{contractorUnitId,jdbcType=VARCHAR},
      </if>
      <if test="gmtSigned != null">
        gmt_signed = #{gmtSigned,jdbcType=TIMESTAMP},
      </if>
      <if test="linkMan != null">
        link_man = #{linkMan,jdbcType=VARCHAR},
      </if>
      <if test="linkTel != null">
        link_tel = #{linkTel,jdbcType=VARCHAR},
      </if>
      <if test="startTime != null">
        start_time = #{startTime,jdbcType=TIMESTAMP},
      </if>
      <if test="endTime != null">
        end_time = #{endTime,jdbcType=TIMESTAMP},
      </if>
      <if test="memo != null">
        memo = #{memo,jdbcType=VARCHAR},
      </if>
      <if test="evaluateStatus != null">
        evaluate_status = #{evaluateStatus,jdbcType=SMALLINT},
      </if> 
      <if test="status != null">
        status = #{status,jdbcType=SMALLINT},
      </if>
      <if test="flag != null">
        flag = #{flag,jdbcType=SMALLINT},
      </if>
      <if test="createBy != null">
        create_by = #{createBy,jdbcType=VARCHAR},
      </if>
      <if test="updateBy != null">
        update_by = #{updateBy,jdbcType=VARCHAR},
      </if>
      <if test="gmtCreate != null">
        gmt_create = #{gmtCreate,jdbcType=TIMESTAMP},
      </if>
      <if test="gmtModified != null">
        gmt_modified = #{gmtModified,jdbcType=TIMESTAMP},
      </if>
      <if test="apiEngId!=null">
        api_eng_id = #{apiEngId,jdbcType=VARCHAR},
      </if>
      <if test="apiProId!=null">
        api_pro_id = #{apiProId,jdbcType=VARCHAR},
      </if>
      <if test="partAddress!=null">
        part_address = #{partAddress,jdbcType=VARCHAR},
      </if>
      <if test="partNo!=null">
        part_no = #{partNo,jdbcType=VARCHAR},
      </if>
      <if test="registerTime!=null">
        register_time = #{registerTime,jdbcType=TIMESTAMP}
      </if>
      <if test="projectManager!=null">
        project_manager = #{projectManager,jdbcType=VARCHAR},
      </if>
      <if test="supervisionDirector!=null">
        supervision_director = #{supervisionDirector,jdbcType=VARCHAR},
      </if>
      <if test="masterMan!=null">
        master_man = #{masterMan,jdbcType=VARCHAR},
      </if>
    </set>
    where id = #{id,jdbcType=VARCHAR}
  </update>

  <update id="update" parameterType="com.spr.web.project.entity.ProjectPartInfo">
    update project_part_info
    set pro_id = #{proId,jdbcType=VARCHAR},
      part_name = #{partName,jdbcType=VARCHAR},
      part_amount = #{partAmount,jdbcType=DECIMAL},
      eng_type_code = #{engTypeCode,jdbcType=VARCHAR},
      contractor_unit_id = #{contractorUnitId,jdbcType=VARCHAR},
      gmt_signed = #{gmtSigned,jdbcType=TIMESTAMP},
      link_man = #{linkMan,jdbcType=VARCHAR},
      link_tel = #{linkTel,jdbcType=VARCHAR},
      start_time = #{startTime,jdbcType=TIMESTAMP},
      end_time = #{endTime,jdbcType=TIMESTAMP},
      memo = #{memo,jdbcType=VARCHAR},    
      evaluate_status = #{evaluateStatus,jdbcType=SMALLINT},
      status = #{status,jdbcType=SMALLINT},
      flag = #{flag,jdbcType=SMALLINT},
      create_by = #{createBy,jdbcType=VARCHAR},
      update_by = #{updateBy,jdbcType=VARCHAR},
      gmt_create = #{gmtCreate,jdbcType=TIMESTAMP},
      gmt_modified = #{gmtModified,jdbcType=TIMESTAMP},
      api_eng_id = #{apiEngId,jdbcType=VARCHAR},
      api_pro_id = #{apiProId,jdbcType=VARCHAR},
      part_address = #{partAddress,jdbcType=VARCHAR},
      part_no = #{partNo,jdbcType=VARCHAR},
      register_time = #{registerTime,jdbcType=TIMESTAMP},
      project_manager = #{projectManager,jdbcType=VARCHAR},
      supervision_director = #{supervisionDirector,jdbcType=VARCHAR},
      master_man = #{masterMan,jdbcType=VARCHAR}
    where id = #{id,jdbcType=VARCHAR}
  </update>
</mapper>