<?xml version="1.0" encoding="UTF-8" ?>
<!DOCTYPE mapper PUBLIC "-//mybatis.org//DTD Mapper 3.0//EN" "http://mybatis.org/dtd/mybatis-3-mapper.dtd" >
<mapper namespace="com.spr.web.system.dao.IBaseDictDao" >

   <resultMap id="BaseResultMap" type="com.spr.web.system.entity.BaseDict" >
    <id column="id" property="id" jdbcType="VARCHAR" />
    <result column="sort" property="sort" jdbcType="BIGINT" />
    <result column="dict_item" property="dictItem" jdbcType="VARCHAR" />
    <result column="dict_type" property="dictType" jdbcType="VARCHAR" />
    <result column="dict_value" property="dictValue" jdbcType="VARCHAR" />
    <result column="dict_flag" property="dictFlag" jdbcType="INTEGER" />
    <result column="gmt_create" property="gmtCreate" jdbcType="TIMESTAMP" />
    <result column="gmt_modified" property="gmtModified" jdbcType="TIMESTAMP" />
  </resultMap>
  
  <sql id="Base_Column_List" >
    id, sort, dict_item, dict_type, dict_value, dict_flag, gmt_create, gmt_modified
  </sql>
  
  <select id="getById" resultMap="BaseResultMap" parameterType="java.lang.String" >
    select 
    <include refid="Base_Column_List" />
    from c_basedict
    where id = #{id,jdbcType=VARCHAR}
  </select>
  
  <select id="getByCondition" resultMap="BaseResultMap" parameterType="map">
    select 
    <include refid="Base_Column_List" />
    from c_basedict
    <include refid="select_contition" />	
  </select>
  
  
  <select id="countByCondition" resultType="java.lang.Long" parameterType="hashmap">
  	SELECT  COUNT(*) FROM c_basedict
  	 <include refid="select_contition" />	
  </select>
  
   <sql id="select_contition" >	   
  		<where> 
  		<if test="dictType!=null">
  		  dict_type=#{dictType}
  		</if>
  		<if test="dictTypes!=null">
  		   dict_type IN
  		   <foreach collection="dictTypes" item="d" open="(" close=")" separator=",">
  		    #{d}
  		   </foreach>
  		</if> 	 	
  		<if test="dictItem!=null">
  		  AND dict_item=#{dictItem}
  		</if>
  		<if test="dictFlag!=null">
  		  AND dict_flag=#{dictFlag}
  		</if>  
  		<if test="dictValue!=null">
  		  AND dict_value=#{dictValue}
  		</if>
  		 	  		
  		</where> 	  
   </sql>
  
  
  
  <select id="selectListByCondition" resultMap="BaseResultMap" parameterType="hashmap">
  	
  	   select * from  c_basedict
  	   <include refid="select_contition" />	 	
  	  <if test="sidx!=null and sord!=null">
		 ORDER BY ${sidx} ${sord}
	  </if>
  	  <if test="startQuery!=null and  pageSize!=null">
  	  	LIMIT #{startQuery},#{pageSize}  	  	
  	  </if>

  </select>
  
  
  
  
  
  <!-- 写操作 -->
   <delete id="deleteById" parameterType="java.lang.String" >
    delete from c_basedict
    where id = #{id,jdbcType=VARCHAR}
  </delete>
  

  
  <insert id="insert" parameterType="com.spr.web.system.entity.BaseDict" >
    <selectKey keyProperty="id" resultType="java.lang.String" order="BEFORE" >
    	SELECT REPLACE(UUID(),'-','')
    </selectKey>
   insert into c_basedict
    <trim prefix="(" suffix=")" suffixOverrides="," >
      <if test="id != null" >
        id,
      </if>
      <if test="sort != null" >
        sort,
      </if>
      <if test="dictItem != null" >
        dict_item,
      </if>
      <if test="dictType != null" >
        dict_type,
      </if>
      <if test="dictValue != null" >
        dict_value,
      </if>
      <if test="dictFlag != null" >
        dict_flag,
      </if>
      <if test="gmtCreate != null" >
        gmt_create,
      </if>
      <if test="gmtModified != null" >
        gmt_modified,
      </if>
    </trim>
    <trim prefix="values (" suffix=")" suffixOverrides="," >
      <if test="id != null" >
        #{id,jdbcType=VARCHAR},
      </if>
      <if test="sort != null" >
        #{sort,jdbcType=BIGINT},
      </if>
      <if test="dictItem != null" >
        #{dictItem,jdbcType=VARCHAR},
      </if>
      <if test="dictType != null" >
        #{dictType,jdbcType=VARCHAR},
      </if>
      <if test="dictValue != null" >
        #{dictValue,jdbcType=VARCHAR},
      </if>
      <if test="dictFlag != null" >
        #{dictFlag,jdbcType=INTEGER},
      </if>
      <if test="gmtCreate != null" >
        #{gmtCreate,jdbcType=TIMESTAMP},
      </if>
      <if test="gmtModified != null" >
        #{gmtModified,jdbcType=TIMESTAMP},
      </if>
    </trim>
  </insert>
  
  
  <update id="updateSelective" parameterType="com.spr.web.system.entity.BaseDict" >
    update c_basedict
    <set >
      <if test="dictItem != null" >
        dict_item = #{dictItem,jdbcType=VARCHAR},
      </if>
      <if test="dictType != null" >
        dict_type = #{dictType,jdbcType=VARCHAR},
      </if>
      <if test="dictValue != null" >
        dict_value = #{dictValue,jdbcType=VARCHAR},
      </if>
      <if test="dictFlag != null" >
        dict_flag = #{dictFlag,jdbcType=INTEGER},
      </if>
       <if test="gmtCreate != null" >
        gmt_create = #{gmtCreate,jdbcType=TIMESTAMP},
      </if>
      <if test="gmtModified != null" >
        gmt_modified = #{gmtModified,jdbcType=TIMESTAMP},
      </if>
    </set>
    where id = #{id,jdbcType=VARCHAR}
  </update>
  
  <update id="update" parameterType="com.spr.web.system.entity.BaseDict" >
    update c_basedict
    set
      dict_item = #{dictItem,jdbcType=VARCHAR},
      dict_type = #{dictType,jdbcType=VARCHAR},
      dict_value = #{dictValue,jdbcType=VARCHAR},
      dict_flag = #{dictFlag,jdbcType=INTEGER},
      gmt_create = #{gmtCreate,jdbcType=TIMESTAMP},
      gmt_modified = #{gmtModified,jdbcType=TIMESTAMP}
    where id = #{id,jdbcType=VARCHAR}
  </update>
</mapper>