<?xml version="1.0" encoding="UTF-8"?>
<!DOCTYPE mapper PUBLIC "-//mybatis.org//DTD Mapper 3.0//EN" "http://mybatis.org/dtd/mybatis-3-mapper.dtd">
<mapper namespace="com.spr.web.system.dao.IContractorTypeDao">

  <resultMap id="BaseResultMap" type="com.spr.web.system.entity.ContractorType">
    <id column="id" jdbcType="VARCHAR" property="id" />
    <result column="sort_no" jdbcType="INTEGER" property="sortNo" />
    <result column="type_name" jdbcType="VARCHAR" property="typeName" />
    <result column="type_code" jdbcType="VARCHAR" property="typeCode" />
    <result column="is_agent" jdbcType="BIT" property="isAgent" />
    <result column="status" jdbcType="SMALLINT" property="status" />
    <result column="create_by" jdbcType="VARCHAR" property="createBy" />
    <result column="update_by" jdbcType="VARCHAR" property="updateBy" />
    <result column="gmt_create" jdbcType="TIMESTAMP" property="gmtCreate" />
    <result column="gmt_modified" jdbcType="TIMESTAMP" property="gmtModified" />
  </resultMap>

  <sql id="Base_Column_List">
    id, sort_no, type_name, type_code, is_agent, status, create_by, update_by, gmt_create, 
    gmt_modified
  </sql>

  <select id="getById" parameterType="java.lang.String" resultMap="BaseResultMap">
    select 
    <include refid="Base_Column_List" />
    from contractor_type
    where id = #{id,jdbcType=VARCHAR}
  </select>

  <select id="countByCondition" parameterType="map" resultType="long">
    SELECT COUNT(*) FROM contractor_type
    <include refid="select_condition" />
  </select>

  <sql id="select_condition">
    <where>
      <if test="id!=null">
        id=#{id}
      </if>
      <if test="sortNo!=null">
        AND sort_no=#{sortNo}
      </if>
      <if test="typeName!=null">
        AND type_name like '%'+#{typeName}+'%'
      </if>
      <if test="typeCode!=null">
        AND type_code=#{typeCode}
      </if>
      <if test="isAgent!=null">
        AND is_agent=#{isAgent}
      </if>
      <if test="status!=null">
        AND status=#{status}
      </if>
      <if test="createBy!=null">
        AND create_by=#{createBy}
      </if>
      <if test="updateBy!=null">
        AND update_by=#{updateBy}
      </if>
      <if test="gmtCreate!=null">
        AND gmt_create=#{gmtCreate}
      </if>
      <if test="gmtModified!=null">
        AND gmt_modified=#{gmtModified}
      </if>
      <if test="typeCodes != null">
        AND type_code IN <foreach collection="typeCodes" item="item" index="index" open="(" close=")" separator=",">#{item}</foreach>
      </if>
    </where>
  </sql>

  <select id="selectListByCondition" parameterType="map" resultType="com.spr.web.system.dto.contractor.ContractorTypeDTO">
    select 
      id AS id,
      sort_no AS sortNo,
      type_name AS typeName,
      type_code AS typeCode,
      is_agent AS isAgent,
      status AS status,
      create_by AS createBy,
      update_by AS updateBy,
      gmt_create AS gmtCreate,
      gmt_modified AS gmtModified
    from contractor_type
    <include refid="select_condition" />
    <if test="sidx!=null and sord!=null">
      ORDER BY ${sidx} ${sord}
    </if>
    <if test="startQuery!=null and pageSize!=null">
      LIMIT #{startQuery},#{pageSize}  
    </if>
  </select>

  <select id="getDetailById" parameterType="java.lang.String" resultType="com.spr.web.system.dto.contractor.ContractorTypeDTO">
    SELECT 
      id AS id,
      sort_no AS sortNo,
      type_name AS typeName,
      type_code AS typeCode,
      is_agent AS isAgent,
      status AS status,
      create_by AS createBy,
      update_by AS updateBy,
      gmt_create AS gmtCreate,
      gmt_modified AS gmtModified
    FROM contractor_type

    WHERE id = #{id,jdbcType=VARCHAR}
  </select>

  <delete id="deleteById" parameterType="java.lang.String">
    delete from contractor_type
    where id = #{id,jdbcType=VARCHAR}
  </delete>

  <insert id="insert" parameterType="com.spr.web.system.entity.ContractorType">
    <selectKey keyProperty="id" order="BEFORE" resultType="java.lang.String">
      SELECT REPLACE(UUID(),'-','')
    </selectKey>
    insert into contractor_type (id, sort_no, type_name, 
      type_code, is_agent, status, 
      create_by, update_by, gmt_create, 
      gmt_modified)
    values (#{id,jdbcType=VARCHAR}, #{sortNo,jdbcType=INTEGER}, #{typeName,jdbcType=VARCHAR}, 
      #{typeCode,jdbcType=VARCHAR}, #{isAgent,jdbcType=BIT}, #{status,jdbcType=SMALLINT}, 
      #{createBy,jdbcType=VARCHAR}, #{updateBy,jdbcType=VARCHAR}, #{gmtCreate,jdbcType=TIMESTAMP}, 
      #{gmtModified,jdbcType=TIMESTAMP})
  </insert>

  <insert id="insertSelective" parameterType="com.spr.web.system.entity.ContractorType">
    <selectKey keyProperty="id" order="BEFORE" resultType="java.lang.String">
      SELECT REPLACE(UUID(),'-','')
    </selectKey>
    insert into contractor_type
    <trim prefix="(" suffix=")" suffixOverrides=",">
      id,
      <if test="sortNo != null">
        sort_no,
      </if>
      <if test="typeName != null">
        type_name,
      </if>
      <if test="typeCode != null">
        type_code,
      </if>
      <if test="isAgent != null">
        is_agent,
      </if>
      <if test="status != null">
        status,
      </if>
      <if test="createBy != null">
        create_by,
      </if>
      <if test="updateBy != null">
        update_by,
      </if>
      <if test="gmtCreate != null">
        gmt_create,
      </if>
      <if test="gmtModified != null">
        gmt_modified,
      </if>
    </trim>
    <trim prefix="values (" suffix=")" suffixOverrides=",">
      #{id,jdbcType=VARCHAR},
      <if test="sortNo != null">
        #{sortNo,jdbcType=INTEGER},
      </if>
      <if test="typeName != null">
        #{typeName,jdbcType=VARCHAR},
      </if>
      <if test="typeCode != null">
        #{typeCode,jdbcType=VARCHAR},
      </if>
      <if test="isAgent != null">
        #{isAgent,jdbcType=BIT},
      </if>
      <if test="status != null">
        #{status,jdbcType=SMALLINT},
      </if>
      <if test="createBy != null">
        #{createBy,jdbcType=VARCHAR},
      </if>
      <if test="updateBy != null">
        #{updateBy,jdbcType=VARCHAR},
      </if>
      <if test="gmtCreate != null">
        #{gmtCreate,jdbcType=TIMESTAMP},
      </if>
      <if test="gmtModified != null">
        #{gmtModified,jdbcType=TIMESTAMP},
      </if>
    </trim>
  </insert>

  <update id="updateSelective" parameterType="com.spr.web.system.entity.ContractorType">
    update contractor_type
    <set>
      <if test="sortNo != null">
        sort_no = #{sortNo,jdbcType=INTEGER},
      </if>
      <if test="typeName != null">
        type_name = #{typeName,jdbcType=VARCHAR},
      </if>
      <if test="typeCode != null">
        type_code = #{typeCode,jdbcType=VARCHAR},
      </if>
      <if test="isAgent != null">
        is_agent = #{isAgent,jdbcType=BIT},
      </if>
      <if test="status != null">
        status = #{status,jdbcType=SMALLINT},
      </if>
      <if test="createBy != null">
        create_by = #{createBy,jdbcType=VARCHAR},
      </if>
      <if test="updateBy != null">
        update_by = #{updateBy,jdbcType=VARCHAR},
      </if>
      <if test="gmtCreate != null">
        gmt_create = #{gmtCreate,jdbcType=TIMESTAMP},
      </if>
      <if test="gmtModified != null">
        gmt_modified = #{gmtModified,jdbcType=TIMESTAMP},
      </if>
    </set>
    where id = #{id,jdbcType=VARCHAR}
  </update>

  <update id="update" parameterType="com.spr.web.system.entity.ContractorType">
    update contractor_type
    set sort_no = #{sortNo,jdbcType=INTEGER},
      type_name = #{typeName,jdbcType=VARCHAR},
      type_code = #{typeCode,jdbcType=VARCHAR},
      is_agent = #{isAgent,jdbcType=BIT},
      status = #{status,jdbcType=SMALLINT},
      create_by = #{createBy,jdbcType=VARCHAR},
      update_by = #{updateBy,jdbcType=VARCHAR},
      gmt_create = #{gmtCreate,jdbcType=TIMESTAMP},
      gmt_modified = #{gmtModified,jdbcType=TIMESTAMP}
    where id = #{id,jdbcType=VARCHAR}
  </update>
</mapper>