<?xml version="1.0" encoding="UTF-8"?>
<!DOCTYPE mapper PUBLIC "-//mybatis.org//DTD Mapper 3.0//EN" "http://mybatis.org/dtd/mybatis-3-mapper.dtd">
<mapper namespace="com.spr.web.system.dao.IUnitEvaluatorRelationDao">

  <resultMap id="BaseResultMap" type="com.spr.web.system.entity.UnitEvaluatorRelation">
    <id column="id" jdbcType="VARCHAR" property="id" />
    <result column="sort_no" jdbcType="INTEGER" property="sortNo" />
    <result column="unit_id" jdbcType="VARCHAR" property="unitId" />
    <result column="user_id" jdbcType="VARCHAR" property="userId" />
    <result column="single_status" jdbcType="SMALLINT" property="singleStatus" />
    <result column="status" jdbcType="SMALLINT" property="status" />
    <result column="create_by" jdbcType="VARCHAR" property="createBy" />
    <result column="update_by" jdbcType="VARCHAR" property="updateBy" />
    <result column="gmt_create" jdbcType="TIMESTAMP" property="gmtCreate" />
    <result column="gmt_modified" jdbcType="TIMESTAMP" property="gmtModified" />
  </resultMap>

  <sql id="Base_Column_List">
    id, sort_no, unit_id, user_id, single_status, status, create_by, update_by, gmt_create, 
    gmt_modified
  </sql>

  <select id="getById" parameterType="java.lang.String" resultMap="BaseResultMap">
    select 
    <include refid="Base_Column_List" />
    from c_unit_evaluator_relation
    where id = #{id,jdbcType=VARCHAR}
  </select>

  <select id="countByCondition" parameterType="map" resultType="long">
    SELECT COUNT(*) FROM c_unit_evaluator_relation
    <include refid="select_condition" />
  </select>

  <sql id="select_condition">
    <where>
      <if test="id!=null">
        id=#{id}
      </if>
      <if test="sortNo!=null">
        AND sort_no=#{sortNo}
      </if>
      <if test="unitId!=null">
        AND unit_id=#{unitId}
      </if>
      <if test="userId!=null">
        AND user_id=#{userId}
      </if>
      <if test="singleStatus!=null">
        AND single_status=#{singleStatus}
      </if>
      <if test="status!=null">
        AND status=#{status}
      </if>
      <if test="createBy!=null">
        AND create_by=#{createBy}
      </if>
      <if test="updateBy!=null">
        AND update_by=#{updateBy}
      </if>
      <if test="gmtCreate!=null">
        AND gmt_create=#{gmtCreate}
      </if>
      <if test="gmtModified!=null">
        AND gmt_modified=#{gmtModified}
      </if>
    </where>
  </sql>

  <select id="selectListByCondition" parameterType="map" resultType="com.spr.web.system.dto.unit.UnitEvaluatorRelationDTO">
    select 
      id AS id,
      sort_no AS sortNo,
      unit_id AS unitId,
      user_id AS userId,
      single_status AS singleStatus,
      status AS status,
      create_by AS createBy,
      update_by AS updateBy,
      gmt_create AS gmtCreate,
      gmt_modified AS gmtModified
    from c_unit_evaluator_relation
    <include refid="select_condition" />
    <if test="sidx!=null and sord!=null">
      ORDER BY ${sidx} ${sord}
    </if>
    <if test="startQuery!=null and pageSize!=null">
      LIMIT #{startQuery},#{pageSize}  
    </if>
  </select>

  <select id="getDetailById" parameterType="java.lang.String" resultType="com.spr.web.system.dto.unit.UnitEvaluatorRelationDTO">
    SELECT 
      id AS id,
      sort_no AS sortNo,
      unit_id AS unitId,
      user_id AS userId,
      single_status AS singleStatus,
      status AS status,
      create_by AS createBy,
      update_by AS updateBy,
      gmt_create AS gmtCreate,
      gmt_modified AS gmtModified
    FROM c_unit_evaluator_relation

    WHERE id = #{id,jdbcType=VARCHAR}
  </select>

  <delete id="deleteById" parameterType="java.lang.String">
    delete from c_unit_evaluator_relation
    where id = #{id,jdbcType=VARCHAR}
  </delete>
  
  
  <delete id="deleteByUnitId" parameterType="java.lang.String">
    delete from c_unit_evaluator_relation
    where unit_id = #{unitId,jdbcType=VARCHAR}
  </delete>

  <insert id="insert" parameterType="com.spr.web.system.entity.UnitEvaluatorRelation">
    <selectKey keyProperty="id" order="BEFORE" resultType="java.lang.String">
      SELECT REPLACE(UUID(),'-','')
    </selectKey>
    insert into c_unit_evaluator_relation (id, sort_no, unit_id, 
      user_id, single_status, status, 
      create_by, update_by, gmt_create, 
      gmt_modified)
    values (#{id,jdbcType=VARCHAR}, #{sortNo,jdbcType=INTEGER}, #{unitId,jdbcType=VARCHAR}, 
      #{userId,jdbcType=VARCHAR}, #{singleStatus,jdbcType=SMALLINT}, #{status,jdbcType=SMALLINT}, 
      #{createBy,jdbcType=VARCHAR}, #{updateBy,jdbcType=VARCHAR}, #{gmtCreate,jdbcType=TIMESTAMP}, 
      #{gmtModified,jdbcType=TIMESTAMP})
  </insert>

  <insert id="insertSelective" parameterType="com.spr.web.system.entity.UnitEvaluatorRelation">
    <selectKey keyProperty="id" order="BEFORE" resultType="java.lang.String">
      SELECT REPLACE(UUID(),'-','')
    </selectKey>
    insert into c_unit_evaluator_relation
    <trim prefix="(" suffix=")" suffixOverrides=",">
      id,
      <if test="sortNo != null">
        sort_no,
      </if>
      <if test="unitId != null">
        unit_id,
      </if>
      <if test="userId != null">
        user_id,
      </if>
      <if test="singleStatus != null">
        single_status,
      </if>
      <if test="status != null">
        status,
      </if>
      <if test="createBy != null">
        create_by,
      </if>
      <if test="updateBy != null">
        update_by,
      </if>
      <if test="gmtCreate != null">
        gmt_create,
      </if>
      <if test="gmtModified != null">
        gmt_modified,
      </if>
    </trim>
    <trim prefix="values (" suffix=")" suffixOverrides=",">
      #{id,jdbcType=VARCHAR},
      <if test="sortNo != null">
        #{sortNo,jdbcType=INTEGER},
      </if>
      <if test="unitId != null">
        #{unitId,jdbcType=VARCHAR},
      </if>
      <if test="userId != null">
        #{userId,jdbcType=VARCHAR},
      </if>
      <if test="singleStatus != null">
        #{singleStatus,jdbcType=SMALLINT},
      </if>
      <if test="status != null">
        #{status,jdbcType=SMALLINT},
      </if>
      <if test="createBy != null">
        #{createBy,jdbcType=VARCHAR},
      </if>
      <if test="updateBy != null">
        #{updateBy,jdbcType=VARCHAR},
      </if>
      <if test="gmtCreate != null">
        #{gmtCreate,jdbcType=TIMESTAMP},
      </if>
      <if test="gmtModified != null">
        #{gmtModified,jdbcType=TIMESTAMP},
      </if>
    </trim>
  </insert>

  <update id="updateSelective" parameterType="com.spr.web.system.entity.UnitEvaluatorRelation">
    update c_unit_evaluator_relation
    <set>
      <if test="sortNo != null">
        sort_no = #{sortNo,jdbcType=INTEGER},
      </if>
      <if test="unitId != null">
        unit_id = #{unitId,jdbcType=VARCHAR},
      </if>
      <if test="userId != null">
        user_id = #{userId,jdbcType=VARCHAR},
      </if>
      <if test="singleStatus != null">
        single_status = #{singleStatus,jdbcType=SMALLINT},
      </if>
      <if test="status != null">
        status = #{status,jdbcType=SMALLINT},
      </if>
      <if test="createBy != null">
        create_by = #{createBy,jdbcType=VARCHAR},
      </if>
      <if test="updateBy != null">
        update_by = #{updateBy,jdbcType=VARCHAR},
      </if>
      <if test="gmtCreate != null">
        gmt_create = #{gmtCreate,jdbcType=TIMESTAMP},
      </if>
      <if test="gmtModified != null">
        gmt_modified = #{gmtModified,jdbcType=TIMESTAMP},
      </if>
    </set>
    where id = #{id,jdbcType=VARCHAR}
  </update>

  <update id="update" parameterType="com.spr.web.system.entity.UnitEvaluatorRelation">
    update c_unit_evaluator_relation
    set sort_no = #{sortNo,jdbcType=INTEGER},
      unit_id = #{unitId,jdbcType=VARCHAR},
      user_id = #{userId,jdbcType=VARCHAR},
      single_status = #{singleStatus,jdbcType=SMALLINT},
      status = #{status,jdbcType=SMALLINT},
      create_by = #{createBy,jdbcType=VARCHAR},
      update_by = #{updateBy,jdbcType=VARCHAR},
      gmt_create = #{gmtCreate,jdbcType=TIMESTAMP},
      gmt_modified = #{gmtModified,jdbcType=TIMESTAMP}
    where id = #{id,jdbcType=VARCHAR}
  </update>
</mapper>