<?xml version="1.0" encoding="UTF-8"?>
<!DOCTYPE mapper PUBLIC "-//mybatis.org//DTD Mapper 3.0//EN" "http://mybatis.org/dtd/mybatis-3-mapper.dtd">
<mapper namespace="com.spr.web.evaluate.dao.IEvaluateRecordInputDao">

  <resultMap id="BaseResultMap" type="com.spr.web.evaluate.entity.EvaluateRecordInput">
    <id column="id" jdbcType="VARCHAR" property="id" />
    <result column="eval_id" jdbcType="VARCHAR" property="evalId" />
    <result column="form_id" jdbcType="VARCHAR" property="formId" />
    <result column="index_id" jdbcType="VARCHAR" property="indexId" />
    <result column="input_val" jdbcType="DECIMAL" property="inputVal" />
    <result column="orginal_val" jdbcType="DECIMAL" property="orginalVal" />
    <result column="is_modified" jdbcType="TINYINT" property="isModified" />
    <result column="status" jdbcType="SMALLINT" property="status" />
    <result column="create_by" jdbcType="VARCHAR" property="createBy" />
    <result column="update_by" jdbcType="VARCHAR" property="updateBy" />
    <result column="gmt_create" jdbcType="TIMESTAMP" property="gmtCreate" />
    <result column="gmt_modified" jdbcType="TIMESTAMP" property="gmtModified" />
  </resultMap>

  <sql id="Base_Column_List">
    id, eval_id, form_id, index_id, input_val, orginal_val, is_modified, status, create_by, update_by, gmt_create, 
    gmt_modified
  </sql>

  <select id="getById" parameterType="java.lang.String" resultMap="BaseResultMap">
    select 
    <include refid="Base_Column_List" />
    from evaluate_record_input
    where id = #{id,jdbcType=VARCHAR}
  </select>

  <select id="countByCondition" parameterType="map" resultType="long">
    SELECT COUNT(*) FROM evaluate_record_input
    <include refid="select_condition" />
  </select>

  <sql id="select_condition">
    <where>
      <if test="id!=null">
        id=#{id}
      </if>
      <if test="evalId != null">
        AND eval_id = #{evalId}
      </if>
      <if test="formId!=null">
        AND form_id=#{formId}
      </if>
      <if test="indexId!=null">
        AND index_id=#{indexId}
      </if>
      <if test="inputVal!=null">
        AND input_val=#{inputVal}
      </if>
      <if test="orginalVal!=null">
        AND orginal_val=#{orginalVal}
      </if>
      <if test="isModified!=null">
        AND is_modified=#{isModified}
      </if>
      <if test="status!=null">
        AND status=#{status}
      </if>
      <if test="createBy!=null">
        AND create_by=#{createBy}
      </if>
      <if test="updateBy!=null">
        AND update_by=#{updateBy}
      </if>
      <if test="gmtCreate!=null">
        AND gmt_create=#{gmtCreate}
      </if>
      <if test="gmtModified!=null">
        AND gmt_modified=#{gmtModified}
      </if>
      <if test="ids != null and ids.length > 0">
        AND id IN <foreach collection="ids" item="item" index="index" open="(" close=")" separator=",">#{item}</foreach>
      </if>
      <if test="indexIds != null and indexIds.length > 0">
        AND index_id IN <foreach collection="indexIds" item="item" index="index" open="(" close=")" separator=",">#{item}</foreach>
      </if>
    </where>
  </sql>

  <select id="selectListByCondition" parameterType="map" resultType="com.spr.web.evaluate.dto.record.EvaluateRecordInputDTO">
    select 
      id AS id,
      eval_id AS evalId,
      form_id AS formId,
      index_id AS indexId,
      input_val AS inputVal,
      orginal_val AS orginalVal,
      is_modified AS isModified,
      status AS status,
      create_by AS createBy,
      update_by AS updateBy,
      gmt_create AS gmtCreate,
      gmt_modified AS gmtModified
    from evaluate_record_input
    <include refid="select_condition" />
    <if test="sidx!=null and sord!=null">
      ORDER BY ${sidx} ${sord}
    </if>
    <if test="startQuery!=null and pageSize!=null">
      LIMIT #{startQuery},#{pageSize}  
    </if>
  </select>

  <select id="getDetailById" parameterType="java.lang.String" resultType="com.spr.web.evaluate.dto.record.EvaluateRecordInputDTO">
    SELECT 
      id AS id,
      eval_id AS evalId,
      form_id AS formId,
      index_id AS indexId,
      input_val AS inputVal,
      orginal_val AS orginalVal,
      is_modified AS isModified,
      status AS status,
      create_by AS createBy,
      update_by AS updateBy,
      gmt_create AS gmtCreate,
      gmt_modified AS gmtModified
    FROM evaluate_record_input

    WHERE id = #{id,jdbcType=VARCHAR}
  </select>

  <delete id="deleteById" parameterType="java.lang.String">
    delete from evaluate_record_input
    where id = #{id,jdbcType=VARCHAR}
  </delete>

  <delete id="deleteByCondition" parameterType="map">
    delete from evaluate_record_input
    <include refid="delete_condition" />
  </delete>

  <sql id="delete_condition">
    <where>
      <if test="evalIds != null and evalIds.length > 0">
        AND eval_id IN <foreach collection="evalIds" item="item" index="index" open="(" close=")" separator=",">#{item}</foreach>
      </if>
      <if test="formIds != null">
        AND form_id IN <foreach collection="formIds" item="item" index="index" open="(" close=")" separator=",">#{item}</foreach>
      </if>
    </where>
  </sql>

  <insert id="insert" parameterType="com.spr.web.evaluate.entity.EvaluateRecordInput">
    <selectKey keyProperty="id" order="BEFORE" resultType="java.lang.String">
      SELECT REPLACE(UUID(),'-','')
    </selectKey>
    insert into evaluate_record_input (id, eval_id, form_id, 
      index_id, input_val, orginal_val, is_modified, status, 
      create_by, update_by, gmt_create, 
      gmt_modified)
    values (#{id,jdbcType=VARCHAR}, #{evalId,jdbcType=VARCHAR}, #{formId,jdbcType=VARCHAR}, 
      #{indexId,jdbcType=VARCHAR}, #{inputVal,jdbcType=DECIMAL}, #{orginalVal,jdbcType=DECIMAL}, 
      #{isModified,jdbcType=TINYINT}, #{status,jdbcType=SMALLINT}, 
      #{createBy,jdbcType=VARCHAR}, #{updateBy,jdbcType=VARCHAR}, #{gmtCreate,jdbcType=TIMESTAMP}, 
      #{gmtModified,jdbcType=TIMESTAMP})
  </insert>

  <insert id="insertSelective" parameterType="com.spr.web.evaluate.entity.EvaluateRecordInput">
    <selectKey keyProperty="id" order="BEFORE" resultType="java.lang.String">
      SELECT REPLACE(UUID(),'-','')
    </selectKey>
    insert into evaluate_record_input
    <trim prefix="(" suffix=")" suffixOverrides=",">
      id,
      <if test="evalId != null">
        eval_id,
      </if>
      <if test="formId != null">
        form_id,
      </if>
      <if test="indexId != null">
        index_id,
      </if>
      <if test="inputVal != null">
        input_val,
      </if>
      <if test="orginalVal != null">
        orginal_val,
      </if>
      <if test="isModified != null">
        is_modified,
      </if>
      <if test="status != null">
        status,
      </if>
      <if test="createBy != null">
        create_by,
      </if>
      <if test="updateBy != null">
        update_by,
      </if>
      <if test="gmtCreate != null">
        gmt_create,
      </if>
      <if test="gmtModified != null">
        gmt_modified,
      </if>
    </trim>
    <trim prefix="values (" suffix=")" suffixOverrides=",">
      #{id,jdbcType=VARCHAR},
      <if test="evalId != null">
        #{evalId,jdbcType=VARCHAR},
      </if>
      <if test="formId != null">
        #{formId,jdbcType=VARCHAR},
      </if>
      <if test="indexId != null">
        #{indexId,jdbcType=VARCHAR},
      </if>
      <if test="inputVal != null">
        #{inputVal,jdbcType=DECIMAL},
      </if>
      <if test="orginalVal != null">
        #{orginalVal,jdbcType=DECIMAL},
      </if>
      <if test="isModified != null">
        #{isModified,jdbcType=TINYINT},
      </if>
      <if test="status != null">
        #{status,jdbcType=SMALLINT},
      </if>
      <if test="createBy != null">
        #{createBy,jdbcType=VARCHAR},
      </if>
      <if test="updateBy != null">
        #{updateBy,jdbcType=VARCHAR},
      </if>
      <if test="gmtCreate != null">
        #{gmtCreate,jdbcType=TIMESTAMP},
      </if>
      <if test="gmtModified != null">
        #{gmtModified,jdbcType=TIMESTAMP},
      </if>
    </trim>
  </insert>

  <update id="updateSelective" parameterType="com.spr.web.evaluate.entity.EvaluateRecordInput">
    update evaluate_record_input
    <set>
      <if test="evalId != null">
        eval_id = #{evalId,jdbcType=VARCHAR},
      </if>
      <if test="formId != null">
        form_id = #{formId,jdbcType=VARCHAR},
      </if>
      <if test="indexId != null">
        index_id = #{indexId,jdbcType=VARCHAR},
      </if>
      <if test="inputVal != null">
        input_val = #{inputVal,jdbcType=DECIMAL},
      </if>
      <if test="orginalVal != null">
        orginal_val = #{orginalVal,jdbcType=DECIMAL},
      </if>
      <if test="isModified != null">
        is_modified = #{isModified,jdbcType=TINYINT},
      </if>
      <if test="status != null">
        status = #{status,jdbcType=SMALLINT},
      </if>
      <if test="createBy != null">
        create_by = #{createBy,jdbcType=VARCHAR},
      </if>
      <if test="updateBy != null">
        update_by = #{updateBy,jdbcType=VARCHAR},
      </if>
      <if test="gmtCreate != null">
        gmt_create = #{gmtCreate,jdbcType=TIMESTAMP},
      </if>
      <if test="gmtModified != null">
        gmt_modified = #{gmtModified,jdbcType=TIMESTAMP},
      </if>
    </set>
    where id = #{id,jdbcType=VARCHAR}
  </update>

  <update id="update" parameterType="com.spr.web.evaluate.entity.EvaluateRecordInput">
    update evaluate_record_input
    set eval_id = #{evalId,jdbcType=VARCHAR},
      form_id = #{formId,jdbcType=VARCHAR},
      index_id = #{indexId,jdbcType=VARCHAR},
      input_val = #{inputVal,jdbcType=DECIMAL},
      orginal_val = #{orginalVal,jdbcType=DECIMAL},
      is_modified = #{isModified,jdbcType=TINYINT},
      status = #{status,jdbcType=SMALLINT},
      create_by = #{createBy,jdbcType=VARCHAR},
      update_by = #{updateBy,jdbcType=VARCHAR},
      gmt_create = #{gmtCreate,jdbcType=TIMESTAMP},
      gmt_modified = #{gmtModified,jdbcType=TIMESTAMP}
    where id = #{id,jdbcType=VARCHAR}
  </update>
</mapper>