<?xml version="1.0" encoding="UTF-8"?>
<!DOCTYPE mapper PUBLIC "-//mybatis.org//DTD Mapper 3.0//EN" "http://mybatis.org/dtd/mybatis-3-mapper.dtd">
<mapper namespace="com.spr.web.evaluate.dao.IEvaluateAppealDao">

  <resultMap id="BaseResultMap" type="com.spr.web.evaluate.entity.EvaluateAppeal">
    <id column="id" jdbcType="VARCHAR" property="id" />
    <result column="evaluate_record_id" jdbcType="VARCHAR" property="evaluateRecordId" />
    <result column="content" jdbcType="VARCHAR" property="content" />
    <result column="reply_user_id" jdbcType="VARCHAR" property="replyUserId" />
    <result column="reply_unit_id" jdbcType="VARCHAR" property="replyUnitId" />
    <result column="target_unit_id" jdbcType="VARCHAR" property="targetUnitId" />
    <result column="status" jdbcType="SMALLINT" property="status" />
    <result column="flag" jdbcType="SMALLINT" property="flag" />
    <result column="create_by" jdbcType="VARCHAR" property="createBy" />
    <result column="update_by" jdbcType="VARCHAR" property="updateBy" />
    <result column="gmt_create" jdbcType="TIMESTAMP" property="gmtCreate" />
    <result column="gmt_modified" jdbcType="TIMESTAMP" property="gmtModified" />
  </resultMap>

  <sql id="Base_Column_List">
    id, evaluate_record_id, content, reply_user_id, reply_unit_id, target_unit_id, status, 
    flag, create_by, update_by, gmt_create, gmt_modified
  </sql>

  <select id="getById" parameterType="java.lang.String" resultMap="BaseResultMap">
    select 
    <include refid="Base_Column_List" />
    from evaluate_appeal
    where id = #{id,jdbcType=VARCHAR}
  </select>

  <select id="countByCondition" parameterType="map" resultType="long">
    SELECT COUNT(*) FROM evaluate_appeal
    <include refid="select_condition" />
  </select>

  <sql id="select_condition">
    <where>
      <if test="id!=null">
        id=#{id}
      </if>
      <if test="evaluateRecordId!=null">
        AND evaluate_record_id=#{evaluateRecordId}
      </if>
      <if test="content!=null">
        AND content=#{content}
      </if>
      <if test="replyUserId!=null">
        AND reply_user_id=#{replyUserId}
      </if>
      <if test="replyUnitId!=null">
        AND reply_unit_id=#{replyUnitId}
      </if>
      <if test="targetUnitId!=null">
        AND target_unit_id=#{targetUnitId}
      </if>
      <if test="status!=null">
        AND status=#{status}
      </if>
      <if test="flag!=null">
        AND flag=#{flag}
      </if>
      <if test="createBy!=null">
        AND create_by=#{createBy}
      </if>
      <if test="updateBy!=null">
        AND update_by=#{updateBy}
      </if>
      <if test="gmtCreate!=null">
        AND gmt_create=#{gmtCreate}
      </if>
      <if test="gmtModified!=null">
        AND gmt_modified=#{gmtModified}
      </if>
    </where>
  </sql>

  <select id="selectListByCondition" parameterType="map" resultType="com.spr.web.evaluate.dto.appeal.EvaluateAppealDTO">
    select 
      id AS id,
      evaluate_record_id AS evaluateRecordId,
      content AS content,
      reply_user_id AS replyUserId,
      reply_unit_id AS replyUnitId,
      target_unit_id AS targetUnitId,
      status AS status,
      flag AS flag,
      create_by AS createBy,
      update_by AS updateBy,
      gmt_create AS gmtCreate,
      gmt_modified AS gmtModified
    from evaluate_appeal
    <include refid="select_condition" />
    <if test="sidx!=null and sord!=null">
      ORDER BY ${sidx} ${sord}
    </if>
    <if test="startQuery!=null and pageSize!=null">
      LIMIT #{startQuery},#{pageSize}  
    </if>
  </select>

  <select id="getDetailById" parameterType="java.lang.String" resultType="com.spr.web.evaluate.dto.appeal.EvaluateAppealDTO">
    SELECT 
      id AS id,
      evaluate_record_id AS evaluateRecordId,
      content AS content,
      reply_user_id AS replyUserId,
      reply_unit_id AS replyUnitId,
      target_unit_id AS targetUnitId,
      status AS status,
      flag AS flag,
      create_by AS createBy,
      update_by AS updateBy,
      gmt_create AS gmtCreate,
      gmt_modified AS gmtModified
    FROM evaluate_appeal

    WHERE id = #{id,jdbcType=VARCHAR}
  </select>

  <delete id="deleteById" parameterType="java.lang.String">
    delete from evaluate_appeal
    where id = #{id,jdbcType=VARCHAR}
  </delete>

  <insert id="insert" parameterType="com.spr.web.evaluate.entity.EvaluateAppeal">
    <selectKey keyProperty="id" order="BEFORE" resultType="java.lang.String">
      SELECT REPLACE(UUID(),'-','')
    </selectKey>
    insert into evaluate_appeal (id, evaluate_record_id, content, 
      reply_user_id, reply_unit_id, target_unit_id, 
      status, flag, create_by, 
      update_by, gmt_create, gmt_modified
      )
    values (#{id,jdbcType=VARCHAR}, #{evaluateRecordId,jdbcType=VARCHAR}, #{content,jdbcType=VARCHAR}, 
      #{replyUserId,jdbcType=VARCHAR}, #{replyUnitId,jdbcType=VARCHAR}, #{targetUnitId,jdbcType=VARCHAR}, 
      #{status,jdbcType=SMALLINT}, #{flag,jdbcType=SMALLINT}, #{createBy,jdbcType=VARCHAR}, 
      #{updateBy,jdbcType=VARCHAR}, #{gmtCreate,jdbcType=TIMESTAMP}, #{gmtModified,jdbcType=TIMESTAMP}
      )
  </insert>

  <insert id="insertSelective" parameterType="com.spr.web.evaluate.entity.EvaluateAppeal">
    <selectKey keyProperty="id" order="BEFORE" resultType="java.lang.String">
      SELECT REPLACE(UUID(),'-','')
    </selectKey>
    insert into evaluate_appeal
    <trim prefix="(" suffix=")" suffixOverrides=",">
      id,
      <if test="evaluateRecordId != null">
        evaluate_record_id,
      </if>
      <if test="content != null">
        content,
      </if>
      <if test="replyUserId != null">
        reply_user_id,
      </if>
      <if test="replyUnitId != null">
        reply_unit_id,
      </if>
      <if test="targetUnitId != null">
        target_unit_id,
      </if>
      <if test="status != null">
        status,
      </if>
      <if test="flag != null">
        flag,
      </if>
      <if test="createBy != null">
        create_by,
      </if>
      <if test="updateBy != null">
        update_by,
      </if>
      <if test="gmtCreate != null">
        gmt_create,
      </if>
      <if test="gmtModified != null">
        gmt_modified,
      </if>
    </trim>
    <trim prefix="values (" suffix=")" suffixOverrides=",">
      #{id,jdbcType=VARCHAR},
      <if test="evaluateRecordId != null">
        #{evaluateRecordId,jdbcType=VARCHAR},
      </if>
      <if test="content != null">
        #{content,jdbcType=VARCHAR},
      </if>
      <if test="replyUserId != null">
        #{replyUserId,jdbcType=VARCHAR},
      </if>
      <if test="replyUnitId != null">
        #{replyUnitId,jdbcType=VARCHAR},
      </if>
      <if test="targetUnitId != null">
        #{targetUnitId,jdbcType=VARCHAR},
      </if>
      <if test="status != null">
        #{status,jdbcType=SMALLINT},
      </if>
      <if test="flag != null">
        #{flag,jdbcType=SMALLINT},
      </if>
      <if test="createBy != null">
        #{createBy,jdbcType=VARCHAR},
      </if>
      <if test="updateBy != null">
        #{updateBy,jdbcType=VARCHAR},
      </if>
      <if test="gmtCreate != null">
        #{gmtCreate,jdbcType=TIMESTAMP},
      </if>
      <if test="gmtModified != null">
        #{gmtModified,jdbcType=TIMESTAMP},
      </if>
    </trim>
  </insert>

  <update id="updateSelective" parameterType="com.spr.web.evaluate.entity.EvaluateAppeal">
    update evaluate_appeal
    <set>
      <if test="evaluateRecordId != null">
        evaluate_record_id = #{evaluateRecordId,jdbcType=VARCHAR},
      </if>
      <if test="content != null">
        content = #{content,jdbcType=VARCHAR},
      </if>
      <if test="replyUserId != null">
        reply_user_id = #{replyUserId,jdbcType=VARCHAR},
      </if>
      <if test="replyUnitId != null">
        reply_unit_id = #{replyUnitId,jdbcType=VARCHAR},
      </if>
      <if test="targetUnitId != null">
        target_unit_id = #{targetUnitId,jdbcType=VARCHAR},
      </if>
      <if test="status != null">
        status = #{status,jdbcType=SMALLINT},
      </if>
      <if test="flag != null">
        flag = #{flag,jdbcType=SMALLINT},
      </if>
      <if test="createBy != null">
        create_by = #{createBy,jdbcType=VARCHAR},
      </if>
      <if test="updateBy != null">
        update_by = #{updateBy,jdbcType=VARCHAR},
      </if>
      <if test="gmtCreate != null">
        gmt_create = #{gmtCreate,jdbcType=TIMESTAMP},
      </if>
      <if test="gmtModified != null">
        gmt_modified = #{gmtModified,jdbcType=TIMESTAMP},
      </if>
    </set>
    where id = #{id,jdbcType=VARCHAR}
  </update>

  <update id="update" parameterType="com.spr.web.evaluate.entity.EvaluateAppeal">
    update evaluate_appeal
    set evaluate_record_id = #{evaluateRecordId,jdbcType=VARCHAR},
      content = #{content,jdbcType=VARCHAR},
      reply_user_id = #{replyUserId,jdbcType=VARCHAR},
      reply_unit_id = #{replyUnitId,jdbcType=VARCHAR},
      target_unit_id = #{targetUnitId,jdbcType=VARCHAR},
      status = #{status,jdbcType=SMALLINT},
      flag = #{flag,jdbcType=SMALLINT},
      create_by = #{createBy,jdbcType=VARCHAR},
      update_by = #{updateBy,jdbcType=VARCHAR},
      gmt_create = #{gmtCreate,jdbcType=TIMESTAMP},
      gmt_modified = #{gmtModified,jdbcType=TIMESTAMP}
    where id = #{id,jdbcType=VARCHAR}
  </update>
</mapper>