<?xml version="1.0" encoding="UTF-8"?>
<!DOCTYPE mapper PUBLIC "-//mybatis.org//DTD Mapper 3.0//EN" "http://mybatis.org/dtd/mybatis-3-mapper.dtd">
<mapper namespace="com.spr.web.evaluate.dao.IEvaluateFormDao">

  <resultMap id="BaseResultMap" type="com.spr.web.evaluate.entity.EvaluateForm">
    <id column="id" jdbcType="VARCHAR" property="id" />
    <result column="sort_no" jdbcType="INTEGER" property="sortNo" />
    <result column="form_name" jdbcType="VARCHAR" property="formName" />
    <result column="eng_type_code" jdbcType="VARCHAR" property="engTypeCode" />
    <result column="form_type" jdbcType="VARCHAR" property="formType" />
    <result column="memo" jdbcType="VARCHAR" property="memo" />
    <result column="status" jdbcType="SMALLINT" property="status" />
    <result column="flag" jdbcType="SMALLINT" property="flag" />
    <result column="create_by" jdbcType="VARCHAR" property="createBy" />
    <result column="update_by" jdbcType="VARCHAR" property="updateBy" />
    <result column="gmt_create" jdbcType="TIMESTAMP" property="gmtCreate" />
    <result column="gmt_modified" jdbcType="TIMESTAMP" property="gmtModified" />
  </resultMap>

  <sql id="Base_Column_List">
    id, sort_no, form_name, eng_type_code, form_type, memo, status, flag, create_by, 
    update_by, gmt_create, gmt_modified
  </sql>

  <select id="getById" parameterType="java.lang.String" resultMap="BaseResultMap">
    select 
    <include refid="Base_Column_List" />
    from evaluate_form
    where id = #{id,jdbcType=VARCHAR}
  </select>

  <select id="countByCondition" parameterType="map" resultType="long">
    SELECT COUNT(*) FROM evaluate_form
    <include refid="select_condition" />
  </select>

  <sql id="select_condition">
    <where>
      <if test="id!=null">
        id=#{id}
      </if>
      <if test="sortNo!=null">
        AND sort_no=#{sortNo}
      </if>
      <if test="formName!=null">
        AND form_name like #{formName}
      </if>
      <if test="engTypeCode!=null">
        AND eng_type_code=#{engTypeCode}
      </if>
      <if test="formType!=null">
        AND form_type=#{formType}
      </if>
      <if test="memo!=null">
        AND memo=#{memo}
      </if>
      <if test="status!=null">
        AND status=#{status}
      </if>
      <if test="flag!=null">
        AND flag=#{flag}
      </if>
      <if test="createBy!=null">
        AND create_by=#{createBy}
      </if>
      <if test="updateBy!=null">
        AND update_by=#{updateBy}
      </if>
      <if test="gmtCreate!=null">
        AND gmt_create=#{gmtCreate}
      </if>
      <if test="gmtModified!=null">
        AND gmt_modified=#{gmtModified}
      </if>
      <if test="likeFormName != null">
        AND form_name LIKE #{likeFormName}
      </if>
    </where>
  </sql>

  <select id="selectListByCondition" parameterType="map" resultType="com.spr.web.evaluate.dto.form.EvaluateFormDTO">
    select 
      id AS id,
      sort_no AS sortNo,
      form_name AS formName,
      eng_type_code AS engTypeCode,
      form_type AS formType,
      memo AS memo,
      status AS status,
      flag AS flag,
      create_by AS createBy,
      update_by AS updateBy,
      gmt_create AS gmtCreate,
      gmt_modified AS gmtModified
    from evaluate_form
    <include refid="select_condition" />
    <if test="sidx!=null and sord!=null">
      ORDER BY ${sidx} ${sord}
    </if>
    <if test="startQuery!=null and pageSize!=null">
      LIMIT #{startQuery},#{pageSize}  
    </if>
  </select>

  <select id="getDetailById" parameterType="java.lang.String" resultType="com.spr.web.evaluate.dto.form.EvaluateFormDTO">
    SELECT 
      id AS id,
      sort_no AS sortNo,
      form_name AS formName,
      eng_type_code AS engTypeCode,
      form_type AS formType,
      memo AS memo,
      status AS status,
      flag AS flag,
      create_by AS createBy,
      update_by AS updateBy,
      gmt_create AS gmtCreate,
      gmt_modified AS gmtModified
    FROM evaluate_form

    WHERE id = #{id,jdbcType=VARCHAR}
  </select>

  <delete id="deleteById" parameterType="java.lang.String">
    delete from evaluate_form
    where id = #{id,jdbcType=VARCHAR}
  </delete>

  <delete id="deleteByCondition" parameterType="map">
    delete from evaluate_form
    <include refid="delete_condition" />
  </delete>

  <sql id="delete_condition">
    <where>
      <if test="ids != null and ids.length > 0">
        AND id IN <foreach collection="ids" item="item" index="index" open="(" close=")" separator=",">#{item}</foreach>
      </if>
    </where>
  </sql>

  <insert id="insert" parameterType="com.spr.web.evaluate.entity.EvaluateForm">
    <selectKey keyProperty="id" order="BEFORE" resultType="java.lang.String">
      SELECT REPLACE(UUID(),'-','')
    </selectKey>
    insert into evaluate_form (id, sort_no, form_name, 
      eng_type_code, form_type, memo, 
      status, flag, create_by, 
      update_by, gmt_create, gmt_modified
      )
    values (#{id,jdbcType=VARCHAR}, #{sortNo,jdbcType=INTEGER}, #{formName,jdbcType=VARCHAR}, 
      #{engTypeCode,jdbcType=VARCHAR}, #{formType,jdbcType=VARCHAR}, #{memo,jdbcType=VARCHAR}, 
      #{status,jdbcType=SMALLINT}, #{flag,jdbcType=SMALLINT}, #{createBy,jdbcType=VARCHAR}, 
      #{updateBy,jdbcType=VARCHAR}, #{gmtCreate,jdbcType=TIMESTAMP}, #{gmtModified,jdbcType=TIMESTAMP}
      )
  </insert>

  <insert id="insertSelective" parameterType="com.spr.web.evaluate.entity.EvaluateForm">
    <selectKey keyProperty="id" order="BEFORE" resultType="java.lang.String">
      SELECT REPLACE(UUID(),'-','')
    </selectKey>
    insert into evaluate_form
    <trim prefix="(" suffix=")" suffixOverrides=",">
      id,
      <if test="sortNo != null">
        sort_no,
      </if>
      <if test="formName != null">
        form_name,
      </if>
      <if test="engTypeCode != null">
        eng_type_code,
      </if>
      <if test="formType != null">
        form_type,
      </if>
      <if test="memo != null">
        memo,
      </if>
      <if test="status != null">
        status,
      </if>
      <if test="flag != null">
        flag,
      </if>
      <if test="createBy != null">
        create_by,
      </if>
      <if test="updateBy != null">
        update_by,
      </if>
      <if test="gmtCreate != null">
        gmt_create,
      </if>
      <if test="gmtModified != null">
        gmt_modified,
      </if>
    </trim>
    <trim prefix="values (" suffix=")" suffixOverrides=",">
      #{id,jdbcType=VARCHAR},
      <if test="sortNo != null">
        #{sortNo,jdbcType=INTEGER},
      </if>
      <if test="formName != null">
        #{formName,jdbcType=VARCHAR},
      </if>
      <if test="engTypeCode != null">
        #{engTypeCode,jdbcType=VARCHAR},
      </if>
      <if test="formType != null">
        #{formType,jdbcType=VARCHAR},
      </if>
      <if test="memo != null">
        #{memo,jdbcType=VARCHAR},
      </if>
      <if test="status != null">
        #{status,jdbcType=SMALLINT},
      </if>
      <if test="flag != null">
        #{flag,jdbcType=SMALLINT},
      </if>
      <if test="createBy != null">
        #{createBy,jdbcType=VARCHAR},
      </if>
      <if test="updateBy != null">
        #{updateBy,jdbcType=VARCHAR},
      </if>
      <if test="gmtCreate != null">
        #{gmtCreate,jdbcType=TIMESTAMP},
      </if>
      <if test="gmtModified != null">
        #{gmtModified,jdbcType=TIMESTAMP},
      </if>
    </trim>
  </insert>

  <update id="updateSelective" parameterType="com.spr.web.evaluate.entity.EvaluateForm">
    update evaluate_form
    <set>
      <if test="sortNo != null">
        sort_no = #{sortNo,jdbcType=INTEGER},
      </if>
      <if test="formName != null">
        form_name = #{formName,jdbcType=VARCHAR},
      </if>
      <if test="engTypeCode != null">
        eng_type_code = #{engTypeCode,jdbcType=VARCHAR},
      </if>
      <if test="formType != null">
        form_type = #{formType,jdbcType=VARCHAR},
      </if>
      <if test="memo != null">
        memo = #{memo,jdbcType=VARCHAR},
      </if>
      <if test="status != null">
        status = #{status,jdbcType=SMALLINT},
      </if>
      <if test="flag != null">
        flag = #{flag,jdbcType=SMALLINT},
      </if>
      <if test="createBy != null">
        create_by = #{createBy,jdbcType=VARCHAR},
      </if>
      <if test="updateBy != null">
        update_by = #{updateBy,jdbcType=VARCHAR},
      </if>
      <if test="gmtCreate != null">
        gmt_create = #{gmtCreate,jdbcType=TIMESTAMP},
      </if>
      <if test="gmtModified != null">
        gmt_modified = #{gmtModified,jdbcType=TIMESTAMP},
      </if>
    </set>
    where id = #{id,jdbcType=VARCHAR}
  </update>

  <update id="update" parameterType="com.spr.web.evaluate.entity.EvaluateForm">
    update evaluate_form
    set sort_no = #{sortNo,jdbcType=INTEGER},
      form_name = #{formName,jdbcType=VARCHAR},
      eng_type_code = #{engTypeCode,jdbcType=VARCHAR},
      form_type = #{formType,jdbcType=VARCHAR},
      memo = #{memo,jdbcType=VARCHAR},
      status = #{status,jdbcType=SMALLINT},
      flag = #{flag,jdbcType=SMALLINT},
      create_by = #{createBy,jdbcType=VARCHAR},
      update_by = #{updateBy,jdbcType=VARCHAR},
      gmt_create = #{gmtCreate,jdbcType=TIMESTAMP},
      gmt_modified = #{gmtModified,jdbcType=TIMESTAMP}
    where id = #{id,jdbcType=VARCHAR}
  </update>

  <update id="updateStatus" parameterType="com.spr.web.evaluate.entity.EvaluateForm">
    update evaluate_form
    set status = #{status,jdbcType=SMALLINT},
      update_by = #{updateBy,jdbcType=VARCHAR},
      gmt_modified = #{gmtModified,jdbcType=TIMESTAMP}
    where eng_type_code = #{engTypeCode,jdbcType=VARCHAR}
  </update>
</mapper>