<?xml version="1.0" encoding="UTF-8"?>
<!DOCTYPE mapper PUBLIC "-//mybatis.org//DTD Mapper 3.0//EN" "http://mybatis.org/dtd/mybatis-3-mapper.dtd">
<mapper namespace="com.spr.web.evaluate.dao.IEvaluateRecordFileDao">

  <resultMap id="BaseResultMap" type="com.spr.web.evaluate.entity.EvaluateRecordFile">
    <id column="id" jdbcType="VARCHAR" property="id" />
    <result column="eval_id" jdbcType="VARCHAR" property="evalId" />
    <result column="type" jdbcType="VARCHAR" property="type" />
    <result column="file_name" jdbcType="VARCHAR" property="fileName" />
    <result column="file_size" jdbcType="VARCHAR" property="fileSize" />
    <result column="file_type" jdbcType="VARCHAR" property="fileType" />
    <result column="file_view_path" jdbcType="VARCHAR" property="fileViewPath" />
    <result column="base_file_id" jdbcType="BIGINT" property="baseFileId" />
    <result column="status" jdbcType="SMALLINT" property="status" />
    <result column="flag" jdbcType="SMALLINT" property="flag" />
    <result column="create_by" jdbcType="VARCHAR" property="createBy" />
    <result column="update_by" jdbcType="VARCHAR" property="updateBy" />
    <result column="gmt_create" jdbcType="TIMESTAMP" property="gmtCreate" />
    <result column="gmt_modified" jdbcType="TIMESTAMP" property="gmtModified" />
  </resultMap>

  <sql id="Base_Column_List">
    id, eval_id, type, file_name, file_size, file_type, file_view_path, base_file_id, 
    status, flag, create_by, update_by, gmt_create, gmt_modified
  </sql>

  <select id="getById" parameterType="java.lang.String" resultMap="BaseResultMap">
    select 
    <include refid="Base_Column_List" />
    from evaluate_record_file
    where id = #{id,jdbcType=VARCHAR}
  </select>

  <select id="countByCondition" parameterType="map" resultType="long">
    SELECT COUNT(*) FROM evaluate_record_file erf
    left join m_base_file mbf on mbf.id = erf.base_file_id
    <include refid="select_condition" />
  </select>

  <sql id="select_condition">
    <where>
      <if test="id!=null">
        erf.id=#{id}
      </if>
      <if test="evalId!=null">
        AND erf.eval_id=#{evalId}
      </if>
      <if test="type!=null">
        AND erf.type=#{type}
      </if>
      <if test="fileName!=null">
        AND erf.file_name=#{fileName}
      </if>
      <if test="fileSize!=null">
        AND erf.file_size=#{fileSize}
      </if>
      <if test="fileType!=null">
        AND erf.file_type=#{fileType}
      </if>
      <if test="fileViewPath!=null">
        AND erf.file_view_path=#{fileViewPath}
      </if>
      <if test="baseFileId!=null">
        AND erf.base_file_id=#{baseFileId}
      </if>
      <if test="status!=null">
        AND erf.status=#{status}
      </if>
      <if test="flag!=null">
        AND erf.flag=#{flag}
      </if>
      <if test="createBy!=null">
        AND erf.create_by=#{createBy}
      </if>
      <if test="updateBy!=null">
        AND erf.update_by=#{updateBy}
      </if>
      <if test="gmtCreate!=null">
        AND erf.gmt_create=#{gmtCreate}
      </if>
      <if test="gmtModified!=null">
        AND erf.gmt_modified=#{gmtModified}
      </if>
      <if test="evalIds != null and evalIds.length > 0">
        AND eval_id IN <foreach collection="evalIds" item="item" index="index" open="(" close=")" separator=",">#{item}</foreach>
      </if>
    </where>
  </sql>

  <select id="selectListByCondition" parameterType="map" resultType="com.spr.web.evaluate.dto.record.EvaluateRecordFileDTO">
    select 
      erf.id AS id,
      erf.eval_id AS evalId,
      erf.type AS type,
      erf.file_name AS fileName,
      erf.file_size AS fileSize,
      erf.file_type AS fileType,
      erf.file_view_path AS fileViewPath,
      erf.base_file_id AS baseFileId,
      mbf.file_kind AS fileKind,
      erf.status AS status,
      erf.flag AS flag,
      erf.create_by AS createBy,
      erf.update_by AS updateBy,
      erf.gmt_create AS gmtCreate,
      erf.gmt_modified AS gmtModified
    from evaluate_record_file erf
    left join m_base_file mbf on mbf.id = erf.base_file_id
    <include refid="select_condition" />
    <if test="sidx!=null and sord!=null">
      ORDER BY ${sidx} ${sord}
    </if>
    <if test="startQuery!=null and pageSize!=null">
      LIMIT #{startQuery},#{pageSize}  
    </if>
  </select>

  <select id="getDetailById" parameterType="java.lang.String" resultType="com.spr.web.evaluate.dto.record.EvaluateRecordFileDTO">
    SELECT 
      id AS id,
      eval_id AS evalId,
      type AS type,
      file_name AS fileName,
      file_size AS fileSize,
      file_type AS fileType,
      file_view_path AS fileViewPath,
      base_file_id AS baseFileId,
      status AS status,
      flag AS flag,
      create_by AS createBy,
      update_by AS updateBy,
      gmt_create AS gmtCreate,
      gmt_modified AS gmtModified
    FROM evaluate_record_file

    WHERE id = #{id,jdbcType=VARCHAR}
  </select>

  <delete id="deleteById" parameterType="java.lang.String">
    delete from evaluate_record_file
    where id = #{id,jdbcType=VARCHAR}
  </delete>

  <delete id="deleteByCondition" parameterType="map">
    delete from evaluate_record_file
    <include refid="delete_condition" />
  </delete>

  <sql id="delete_condition">
    <where>
      <if test="evalIds != null and evalIds.length > 0">
        AND eval_id IN <foreach collection="evalIds" item="item" index="index" open="(" close=")" separator=",">#{item}</foreach>
      </if>
    </where>
  </sql>

  <insert id="insert" parameterType="com.spr.web.evaluate.entity.EvaluateRecordFile">
    <selectKey keyProperty="id" order="BEFORE" resultType="java.lang.String">
      SELECT REPLACE(UUID(),'-','')
    </selectKey>
    insert into evaluate_record_file (id, eval_id, type, 
      file_name, file_size, file_type, 
      file_view_path, base_file_id, status, 
      flag, create_by, update_by, 
      gmt_create, gmt_modified)
    values (#{id,jdbcType=VARCHAR}, #{evalId,jdbcType=VARCHAR}, #{type,jdbcType=VARCHAR}, 
      #{fileName,jdbcType=VARCHAR}, #{fileSize,jdbcType=VARCHAR}, #{fileType,jdbcType=VARCHAR}, 
      #{fileViewPath,jdbcType=VARCHAR}, #{baseFileId,jdbcType=BIGINT}, #{status,jdbcType=SMALLINT}, 
      #{flag,jdbcType=SMALLINT}, #{createBy,jdbcType=VARCHAR}, #{updateBy,jdbcType=VARCHAR}, 
      #{gmtCreate,jdbcType=TIMESTAMP}, #{gmtModified,jdbcType=TIMESTAMP})
  </insert>

  <insert id="insertSelective" parameterType="com.spr.web.evaluate.entity.EvaluateRecordFile">
    <selectKey keyProperty="id" order="BEFORE" resultType="java.lang.String">
      SELECT REPLACE(UUID(),'-','')
    </selectKey>
    insert into evaluate_record_file
    <trim prefix="(" suffix=")" suffixOverrides=",">
      id,
      <if test="evalId != null">
        eval_id,
      </if>
      <if test="type != null">
        type,
      </if>
      <if test="fileName != null">
        file_name,
      </if>
      <if test="fileSize != null">
        file_size,
      </if>
      <if test="fileType != null">
        file_type,
      </if>
      <if test="fileViewPath != null">
        file_view_path,
      </if>
      <if test="baseFileId != null">
        base_file_id,
      </if>
      <if test="status != null">
        status,
      </if>
      <if test="flag != null">
        flag,
      </if>
      <if test="createBy != null">
        create_by,
      </if>
      <if test="updateBy != null">
        update_by,
      </if>
      <if test="gmtCreate != null">
        gmt_create,
      </if>
      <if test="gmtModified != null">
        gmt_modified,
      </if>
    </trim>
    <trim prefix="values (" suffix=")" suffixOverrides=",">
      #{id,jdbcType=VARCHAR},
      <if test="evalId != null">
        #{evalId,jdbcType=VARCHAR},
      </if>
      <if test="type != null">
        #{type,jdbcType=VARCHAR},
      </if>
      <if test="fileName != null">
        #{fileName,jdbcType=VARCHAR},
      </if>
      <if test="fileSize != null">
        #{fileSize,jdbcType=VARCHAR},
      </if>
      <if test="fileType != null">
        #{fileType,jdbcType=VARCHAR},
      </if>
      <if test="fileViewPath != null">
        #{fileViewPath,jdbcType=VARCHAR},
      </if>
      <if test="baseFileId != null">
        #{baseFileId,jdbcType=BIGINT},
      </if>
      <if test="status != null">
        #{status,jdbcType=SMALLINT},
      </if>
      <if test="flag != null">
        #{flag,jdbcType=SMALLINT},
      </if>
      <if test="createBy != null">
        #{createBy,jdbcType=VARCHAR},
      </if>
      <if test="updateBy != null">
        #{updateBy,jdbcType=VARCHAR},
      </if>
      <if test="gmtCreate != null">
        #{gmtCreate,jdbcType=TIMESTAMP},
      </if>
      <if test="gmtModified != null">
        #{gmtModified,jdbcType=TIMESTAMP},
      </if>
    </trim>
  </insert>

  <update id="updateSelective" parameterType="com.spr.web.evaluate.entity.EvaluateRecordFile">
    update evaluate_record_file
    <set>
      <if test="evalId != null">
        eval_id = #{evalId,jdbcType=VARCHAR},
      </if>
      <if test="type != null">
        type = #{type,jdbcType=VARCHAR},
      </if>
      <if test="fileName != null">
        file_name = #{fileName,jdbcType=VARCHAR},
      </if>
      <if test="fileSize != null">
        file_size = #{fileSize,jdbcType=VARCHAR},
      </if>
      <if test="fileType != null">
        file_type = #{fileType,jdbcType=VARCHAR},
      </if>
      <if test="fileViewPath != null">
        file_view_path = #{fileViewPath,jdbcType=VARCHAR},
      </if>
      <if test="baseFileId != null">
        base_file_id = #{baseFileId,jdbcType=BIGINT},
      </if>
      <if test="status != null">
        status = #{status,jdbcType=SMALLINT},
      </if>
      <if test="flag != null">
        flag = #{flag,jdbcType=SMALLINT},
      </if>
      <if test="createBy != null">
        create_by = #{createBy,jdbcType=VARCHAR},
      </if>
      <if test="updateBy != null">
        update_by = #{updateBy,jdbcType=VARCHAR},
      </if>
      <if test="gmtCreate != null">
        gmt_create = #{gmtCreate,jdbcType=TIMESTAMP},
      </if>
      <if test="gmtModified != null">
        gmt_modified = #{gmtModified,jdbcType=TIMESTAMP},
      </if>
    </set>
    where id = #{id,jdbcType=VARCHAR}
  </update>

  <update id="update" parameterType="com.spr.web.evaluate.entity.EvaluateRecordFile">
    update evaluate_record_file
    set eval_id = #{evalId,jdbcType=VARCHAR},
      type = #{type,jdbcType=VARCHAR},
      file_name = #{fileName,jdbcType=VARCHAR},
      file_size = #{fileSize,jdbcType=VARCHAR},
      file_type = #{fileType,jdbcType=VARCHAR},
      file_view_path = #{fileViewPath,jdbcType=VARCHAR},
      base_file_id = #{baseFileId,jdbcType=BIGINT},
      status = #{status,jdbcType=SMALLINT},
      flag = #{flag,jdbcType=SMALLINT},
      create_by = #{createBy,jdbcType=VARCHAR},
      update_by = #{updateBy,jdbcType=VARCHAR},
      gmt_create = #{gmtCreate,jdbcType=TIMESTAMP},
      gmt_modified = #{gmtModified,jdbcType=TIMESTAMP}
    where id = #{id,jdbcType=VARCHAR}
  </update>
</mapper>