<?xml version="1.0" encoding="UTF-8"?>
<!DOCTYPE mapper PUBLIC "-//mybatis.org//DTD Mapper 3.0//EN" "http://mybatis.org/dtd/mybatis-3-mapper.dtd">
<mapper namespace="com.spr.web.evaluate.dao.IEvaluateRecordInputLogDao">

  <resultMap id="BaseResultMap" type="com.spr.web.evaluate.entity.EvaluateRecordInputLog">
    <id column="id" jdbcType="VARCHAR" property="id" />
    <result column="eval_id" jdbcType="VARCHAR" property="evalId" />
    <result column="index_id" jdbcType="VARCHAR" property="indexId" />
    <result column="proc_node_id" jdbcType="VARCHAR" property="procNodeId" />
    <result column="user_id" jdbcType="VARCHAR" property="userId" />
    <result column="before_val" jdbcType="DECIMAL" property="beforeVal" />
    <result column="change_val" jdbcType="DECIMAL" property="changeVal" />
    <result column="status" jdbcType="SMALLINT" property="status" />
    <result column="create_by" jdbcType="VARCHAR" property="createBy" />
    <result column="update_by" jdbcType="VARCHAR" property="updateBy" />
    <result column="gmt_create" jdbcType="TIMESTAMP" property="gmtCreate" />
    <result column="gmt_modified" jdbcType="TIMESTAMP" property="gmtModified" />
  </resultMap>

  <sql id="Base_Column_List">
    id, eval_id, index_id, proc_node_id, user_id, before_val, change_val, status, create_by, 
    update_by, gmt_create, gmt_modified
  </sql>

  <select id="getById" parameterType="java.lang.String" resultMap="BaseResultMap">
    select 
    <include refid="Base_Column_List" />
    from evaluate_record_input_log
    where id = #{id,jdbcType=VARCHAR}
  </select>

  <select id="countByCondition" parameterType="map" resultType="long">
    SELECT COUNT(*) FROM evaluate_record_input_log
    <include refid="select_condition" />
  </select>

  <sql id="select_condition">
    <where>
      <if test="id!=null">
        id=#{id}
      </if>
      <if test="evalId!=null">
        AND eval_id=#{evalId}
      </if>
      <if test="indexId!=null">
        AND index_id=#{indexId}
      </if>
      <if test="procNodeId!=null">
        AND proc_node_id=#{procNodeId}
      </if>
      <if test="userId!=null">
        AND user_id=#{userId}
      </if>
      <if test="beforeVal!=null">
        AND before_val=#{beforeVal}
      </if>
      <if test="changeVal!=null">
        AND change_val=#{changeVal}
      </if>
      <if test="status!=null">
        AND status=#{status}
      </if>
      <if test="createBy!=null">
        AND create_by=#{createBy}
      </if>
      <if test="updateBy!=null">
        AND update_by=#{updateBy}
      </if>
      <if test="gmtCreate!=null">
        AND gmt_create=#{gmtCreate}
      </if>
      <if test="gmtModified!=null">
        AND gmt_modified=#{gmtModified}
      </if>
    </where>
  </sql>

  <select id="selectListByCondition" parameterType="map" resultType="com.spr.web.evaluate.dto.record.EvaluateRecordInputLogDTO">
    select 
      id AS id,
      eval_id AS evalId,
      index_id AS indexId,
      proc_node_id AS procNodeId,
      user_id AS userId,
      before_val AS beforeVal,
      change_val AS changeVal,
      status AS status,
      create_by AS createBy,
      update_by AS updateBy,
      gmt_create AS gmtCreate,
      gmt_modified AS gmtModified
    from evaluate_record_input_log
    <include refid="select_condition" />
    <if test="sidx!=null and sord!=null">
      ORDER BY ${sidx} ${sord}
    </if>
    <if test="startQuery!=null and pageSize!=null">
      LIMIT #{startQuery},#{pageSize}  
    </if>
  </select>

  <select id="getDetailById" parameterType="java.lang.String" resultType="com.spr.web.evaluate.dto.record.EvaluateRecordInputLogDTO">
    SELECT 
      id AS id,
      eval_id AS evalId,
      index_id AS indexId,
      proc_node_id AS procNodeId,
      user_id AS userId,
      before_val AS beforeVal,
      change_val AS changeVal,
      status AS status,
      create_by AS createBy,
      update_by AS updateBy,
      gmt_create AS gmtCreate,
      gmt_modified AS gmtModified
    FROM evaluate_record_input_log

    WHERE id = #{id,jdbcType=VARCHAR}
  </select>

  <delete id="deleteById" parameterType="java.lang.String">
    delete from evaluate_record_input_log
    where id = #{id,jdbcType=VARCHAR}
  </delete>

  <insert id="insert" parameterType="com.spr.web.evaluate.entity.EvaluateRecordInputLog">
    <selectKey keyProperty="id" order="BEFORE" resultType="java.lang.String">
      SELECT REPLACE(UUID(),'-','')
    </selectKey>
    insert into evaluate_record_input_log (id, eval_id, index_id, 
      proc_node_id, user_id, before_val, 
      change_val, status, create_by, 
      update_by, gmt_create, gmt_modified
      )
    values (#{id,jdbcType=VARCHAR}, #{evalId,jdbcType=VARCHAR}, #{indexId,jdbcType=VARCHAR}, 
      #{procNodeId,jdbcType=VARCHAR}, #{userId,jdbcType=VARCHAR}, #{beforeVal,jdbcType=DECIMAL}, 
      #{changeVal,jdbcType=DECIMAL}, #{status,jdbcType=SMALLINT}, #{createBy,jdbcType=VARCHAR}, 
      #{updateBy,jdbcType=VARCHAR}, #{gmtCreate,jdbcType=TIMESTAMP}, #{gmtModified,jdbcType=TIMESTAMP}
      )
  </insert>

  <insert id="insertSelective" parameterType="com.spr.web.evaluate.entity.EvaluateRecordInputLog">
    <selectKey keyProperty="id" order="BEFORE" resultType="java.lang.String">
      SELECT REPLACE(UUID(),'-','')
    </selectKey>
    insert into evaluate_record_input_log
    <trim prefix="(" suffix=")" suffixOverrides=",">
      id,
      <if test="evalId != null">
        eval_id,
      </if>
      <if test="indexId != null">
        index_id,
      </if>
      <if test="procNodeId != null">
        proc_node_id,
      </if>
      <if test="userId != null">
        user_id,
      </if>
      <if test="beforeVal != null">
        before_val,
      </if>
      <if test="changeVal != null">
        change_val,
      </if>
      <if test="status != null">
        status,
      </if>
      <if test="createBy != null">
        create_by,
      </if>
      <if test="updateBy != null">
        update_by,
      </if>
      <if test="gmtCreate != null">
        gmt_create,
      </if>
      <if test="gmtModified != null">
        gmt_modified,
      </if>
    </trim>
    <trim prefix="values (" suffix=")" suffixOverrides=",">
      #{id,jdbcType=VARCHAR},
      <if test="evalId != null">
        #{evalId,jdbcType=VARCHAR},
      </if>
      <if test="indexId != null">
        #{indexId,jdbcType=VARCHAR},
      </if>
      <if test="procNodeId != null">
        #{procNodeId,jdbcType=VARCHAR},
      </if>
      <if test="userId != null">
        #{userId,jdbcType=VARCHAR},
      </if>
      <if test="beforeVal != null">
        #{beforeVal,jdbcType=DECIMAL},
      </if>
      <if test="changeVal != null">
        #{changeVal,jdbcType=DECIMAL},
      </if>
      <if test="status != null">
        #{status,jdbcType=SMALLINT},
      </if>
      <if test="createBy != null">
        #{createBy,jdbcType=VARCHAR},
      </if>
      <if test="updateBy != null">
        #{updateBy,jdbcType=VARCHAR},
      </if>
      <if test="gmtCreate != null">
        #{gmtCreate,jdbcType=TIMESTAMP},
      </if>
      <if test="gmtModified != null">
        #{gmtModified,jdbcType=TIMESTAMP},
      </if>
    </trim>
  </insert>

  <update id="updateSelective" parameterType="com.spr.web.evaluate.entity.EvaluateRecordInputLog">
    update evaluate_record_input_log
    <set>
      <if test="evalId != null">
        eval_id = #{evalId,jdbcType=VARCHAR},
      </if>
      <if test="indexId != null">
        index_id = #{indexId,jdbcType=VARCHAR},
      </if>
      <if test="procNodeId != null">
        proc_node_id = #{procNodeId,jdbcType=VARCHAR},
      </if>
      <if test="userId != null">
        user_id = #{userId,jdbcType=VARCHAR},
      </if>
      <if test="beforeVal != null">
        before_val = #{beforeVal,jdbcType=DECIMAL},
      </if>
      <if test="changeVal != null">
        change_val = #{changeVal,jdbcType=DECIMAL},
      </if>
      <if test="status != null">
        status = #{status,jdbcType=SMALLINT},
      </if>
      <if test="createBy != null">
        create_by = #{createBy,jdbcType=VARCHAR},
      </if>
      <if test="updateBy != null">
        update_by = #{updateBy,jdbcType=VARCHAR},
      </if>
      <if test="gmtCreate != null">
        gmt_create = #{gmtCreate,jdbcType=TIMESTAMP},
      </if>
      <if test="gmtModified != null">
        gmt_modified = #{gmtModified,jdbcType=TIMESTAMP},
      </if>
    </set>
    where id = #{id,jdbcType=VARCHAR}
  </update>

  <update id="update" parameterType="com.spr.web.evaluate.entity.EvaluateRecordInputLog">
    update evaluate_record_input_log
    set eval_id = #{evalId,jdbcType=VARCHAR},
      index_id = #{indexId,jdbcType=VARCHAR},
      proc_node_id = #{procNodeId,jdbcType=VARCHAR},
      user_id = #{userId,jdbcType=VARCHAR},
      before_val = #{beforeVal,jdbcType=DECIMAL},
      change_val = #{changeVal,jdbcType=DECIMAL},
      status = #{status,jdbcType=SMALLINT},
      create_by = #{createBy,jdbcType=VARCHAR},
      update_by = #{updateBy,jdbcType=VARCHAR},
      gmt_create = #{gmtCreate,jdbcType=TIMESTAMP},
      gmt_modified = #{gmtModified,jdbcType=TIMESTAMP}
    where id = #{id,jdbcType=VARCHAR}
  </update>
</mapper>