<?xml version="1.0" encoding="UTF-8"?>
<!DOCTYPE mapper PUBLIC "-//mybatis.org//DTD Mapper 3.0//EN" "http://mybatis.org/dtd/mybatis-3-mapper.dtd">
<mapper namespace="com.spr.web.evaluate.dao.IEvaluateRecordDao">

  <resultMap id="BaseResultMap" type="com.spr.web.evaluate.entity.EvaluateRecord">
    <id column="id" jdbcType="VARCHAR" property="id" />
    <result column="connect_record_id" jdbcType="VARCHAR" property="connectRecordId" />
    <result column="pro_id" jdbcType="VARCHAR" property="proId" />
    <result column="part_id" jdbcType="VARCHAR" property="partId" />
    <result column="target_unit_id" jdbcType="VARCHAR" property="targetUnitId" />
    <result column="eval_user_id" jdbcType="VARCHAR" property="evalUserId" />
    <result column="eval_unit_id" jdbcType="VARCHAR" property="evalUnitId" />
    <result column="form_id" jdbcType="VARCHAR" property="formId" />
    <result column="record_type" jdbcType="VARCHAR" property="recordType" />
    <result column="form_type" jdbcType="VARCHAR" property="formType" />
    <result column="specific_step" jdbcType="VARCHAR" property="specificStep" />
    <result column="total_score" jdbcType="DECIMAL" property="totalScore" />
    <result column="eval_grade" jdbcType="SMALLINT" property="evalGrade" />
    <result column="gmt_eval" jdbcType="TIMESTAMP" property="gmtEval" />
    <result column="pro_name" jdbcType="VARCHAR" property="proName" />
    <result column="contractor_name" jdbcType="VARCHAR" property="contractorName" />
    <result column="build_unit_name" jdbcType="VARCHAR" property="buildUnitName" />
    <result column="situation_goods" jdbcType="VARCHAR" property="situationGoods" />
    <result column="situation_bads" jdbcType="VARCHAR" property="situationBads" />
    <result column="memo" jdbcType="VARCHAR" property="memo" />
    <result column="eng_type_code" jdbcType="VARCHAR" property="engTypeCode" />
    <result column="status" jdbcType="SMALLINT" property="status" />
    <result column="plea_status" jdbcType="SMALLINT" property="pleaStatus" />
    <result column="gmt_plea" jdbcType="TIMESTAMP" property="gmtPlea" />
    <result column="plea_content" jdbcType="VARCHAR" property="pleaContent" />
    <result column="plea_reply" jdbcType="VARCHAR" property="pleaReply" />
    <result column="flag" jdbcType="SMALLINT" property="flag" />
    <result column="create_by" jdbcType="VARCHAR" property="createBy" />
    <result column="update_by" jdbcType="VARCHAR" property="updateBy" />
    <result column="gmt_create" jdbcType="TIMESTAMP" property="gmtCreate" />
    <result column="gmt_modified" jdbcType="TIMESTAMP" property="gmtModified" />
    <result column="checked" jdbcType="SMALLINT" property="checked" />
  </resultMap>

  <sql id="Base_Column_List">
    id, connect_record_id,pro_id, part_id, target_unit_id, eval_user_id,eval_unit_id, form_id, record_type, form_type, 
    specific_step, total_score, eval_grade, gmt_eval, pro_name, contractor_name, build_unit_name, situation_goods, situation_bads, 
    memo, eng_type_code,status, plea_status, gmt_plea, plea_content, plea_reply, flag, create_by, update_by, 
    gmt_create, gmt_modified,checked
  </sql>

  <select id="getById" parameterType="java.lang.String" resultMap="BaseResultMap">
    select 
    <include refid="Base_Column_List" />
    from evaluate_record
    where id = #{id,jdbcType=VARCHAR}
  </select>

  <select id="countByCondition" parameterType="map" resultType="long">
    SELECT COUNT(*) FROM evaluate_record a
    <include refid="select_condition" />
  </select>
  
  <!-- 连接流程表太多，独立查询 -->
  <select id="countByConditionWithExec" parameterType="map" resultType="long">
    SELECT COUNT(*) FROM evaluate_record a
    INNER JOIN flow_exec_node b on a.id = b.data_id
    LEFT JOIN project_info e on a.pro_id = e.id
    LEFT JOIN project_part_info f on a.part_id = f.id
    <if test="handler!=null or handlerOnly!=null">
 		LEFT JOIN flow_exec_identitylink idlink on idlink.node_id = b.id 
 	</if>
    <include refid="select_condition" />
  </select>

  <sql id="select_condition">
    <where>
    	a.flag = 1
      <if test="id!=null">
        AND a.id=#{id}
      </if>
      <if test="connectRecordId!=null">
        AND a.connect_record_id=#{connectRecordId}
      </if>
      <if test="proId!=null">
        AND a.pro_id=#{proId}
      </if>
      <if test="partId!=null">
        AND a.part_id=#{partId}
      </if>
      <if test="nullPartId != null">
        AND a.part_id IS NULL
      </if>
      <if test="targetUnitId!=null">
        AND a.target_unit_id=#{targetUnitId}
      </if>
      <if test="evalUserId!=null">
        AND a.eval_user_id=#{evalUserId}
      </if>
      <if test="evalUnitId!=null">
        AND a.eval_unit_id=#{evalUnitId}
      </if>
      <if test="formId!=null">
        AND a.form_id=#{formId}
      </if>
      <if test="recordType!=null">
        AND a.record_type=#{recordType}
      </if>
      <if test="engTypeCode!=null">
        AND a.eng_type_code=#{engTypeCode}
      </if>      
      <if test="formType!=null">
        AND a.form_type=#{formType}
      </if>
      <if test="formTypes!=null">
         AND a.form_type IN <foreach collection="formTypes" item="item" index="index" open="(" close=")" separator=",">#{item}</foreach>
      </if>
      <if test="specificStep!=null">
        AND a.specific_step=#{specificStep}
      </if>
      <if test="totalScore!=null">
        AND a.total_score=#{totalScore}
      </if>
      <if test="evalGrade!=null">
        AND a.eval_grade=#{evalGrade}
      </if>
      <if test="gmtEval!=null">
        AND a.gmt_eval=#{gmtEval}
      </if>
      <if test="evalBeginTime!=null">
		  and a.gmt_eval &gt;=#{evalBeginTime}
	  </if>
	  <if test="evalEndTime!=null">
		  and a.gmt_eval &lt;=#{evalEndTime} 
	  </if> 
      <if test="certainYear!=null">
        AND YEAR(a.gmt_eval) = #{certainYear}
      </if>
      <if test="proName!=null">
        AND a.pro_name=#{proName}
      </if>
      <if test="contractorName!=null">
        AND a.contractor_name=#{contractorName}
      </if>
      <if test="buildUnitName!=null">
        AND a.build_unit_name=#{buildUnitName}
      </if>
      <if test="situationGoods != null">
        AND a.situation_goods = #{situationGoods}
      </if>
      <if test="situationBads != null">
        AND a.situation_bads = #{situationBads}
      </if>
      <if test="memo != null">
        AND a.memo=#{memo}
      </if>
      <if test="status!=null">
        AND a.status=#{status}
      </if>
      <if test="pleaStatus!=null">
        AND a.plea_status=#{pleaStatus}
      </if>
      <if test="gmtPlea!=null">
        AND a.gmt_plea=#{gmtPlea}
      </if>
      <if test="pleaContent!=null">
        AND a.plea_content=#{pleaContent}
      </if>
      <if test="pleaReply!=null">
        AND a.plea_reply=#{pleaReply}
      </if>
      <if test="flag!=null">
        AND a.flag=#{flag}
      </if>
      <if test="createBy!=null">
        AND a.create_by=#{createBy}
      </if>
      <if test="updateBy!=null">
        AND a.update_by=#{updateBy}
      </if>
      <if test="gmtCreate!=null">
        AND a.gmt_create=#{gmtCreate}
      </if>
      <if test="gmtModified!=null">
        AND a.gmt_modified=#{gmtModified}
      </if>
	  <if test="checked!=null">
	      <choose>
	      	<when test="checked==0">AND (a.checked=#{checked} OR a.checked IS NULL)</when>
	      	<otherwise>AND a.checked=#{checked}</otherwise>
	      </choose>
      </if>
      <if test="ids != null and ids.length > 0">
        AND a.id IN <foreach collection="ids" item="item" index="index" open="(" close=")" separator=",">#{item}</foreach>
      </if>
      <if test="partIds != null and partIds.length > 0">
        AND part_id IN <foreach collection="partIds" item="item" index="index" open="(" close=")" separator=",">#{item}</foreach>
      </if>
      <if test="formIds != null and formIds.length > 0">
        AND a.form_id IN <foreach collection="formIds" item="item" index="index" open="(" close=")" separator=",">#{item}</foreach>
      </if>
      <if test="statuses != null and statuses.length > 0">
        AND status IN <foreach collection="statuses" item="item" index="index" open="(" close=")" separator=",">#{item}</foreach>
      </if>
      <if test="likeProName != null">
        AND a.pro_name LIKE #{likeProName}
      </if>
      <if test="likeBuildUnitName != null">
        AND a.build_unit_name LIKE #{likeBuildUnitName}
      </if>
      <if test="targetUnitName != null">
        AND g.unit_name LIKE #{targetUnitName}
      </if>
      
      <!-- 流程条件 -->
      <!-- 办理人确定 -->
      <if test="handlerOnly!=null">
 			AND idlink.user_id = #{handlerOnly}
 	  </if>
 	  <!-- 办理人可能为空 -->
 	  <if test="handler!=null">
 			AND (idlink.user_id = #{handler} OR idlink.user_id IS NULL)
 	  </if>
 	  <if test="auditerUnitId!=null">
 			AND ((e.build_unit_id = #{auditerUnitId} AND b.proc_type = 'build') OR (e.agent_unit_id = #{auditerUnitId} AND b.proc_type = 'agent'))
 	  </if>
 	  <if test="flowStatus!=null">
 			AND b.flow_status = #{flowStatus}
 	  </if>
 	  
 	  <if test="nodeType!=null">
 			AND b.node_type = #{nodeType}
 	  </if>
 	  <if test="all!=null">
 			AND (b.flow_status = '1' OR (b.flow_status = '2' AND b.node_type = 'end'))
 	  </if>
 	  
    </where>
  </sql>

  <select id="selectListByCondition" parameterType="map" resultType="com.spr.web.evaluate.dto.record.EvaluateRecordDTO">
    select 
      a.id AS id,
      a.connect_record_id as connectRecordId,
      a.pro_id AS proId,
      a.part_id AS partId,
      a.target_unit_id AS targetUnitId,
      a.eval_user_id AS evalUserId,
      a.eval_unit_id AS evalUnitId,
      a.form_id AS formId,
      a.record_type AS recordType,
      a.form_type AS formType,
      a.specific_step AS specificStep,
      a.total_score AS totalScore,
      a.eval_grade AS evalGrade,
      a.gmt_eval AS gmtEval,
      a.pro_name AS proName,
      a.contractor_name AS contractorName,
      a.build_unit_name AS buildUnitName,
      a.situation_goods AS situationGoods,
      a.situation_bads AS situationBads,
      a.memo AS memo,
      a.eng_type_code AS engTypeCode,
      a.status AS status,
      a.plea_status AS pleaStatus,
      a.gmt_plea AS gmtPlea,
      a.plea_content AS pleaContent,
      a.plea_reply AS pleaReply,
      a.flag AS flag,
      a.create_by AS createBy,
      a.update_by AS updateBy,
      a.gmt_create AS gmtCreate,
      a.gmt_modified AS gmtModified,
      u.unit_name as evalUnitName
    from evaluate_record a 
      left join c_unit u on a.eval_unit_id = u.id
    <include refid="select_condition" />
    <if test="sidx!=null and sord!=null">
      ORDER BY ${sidx} ${sord}
    </if>
    <if test="startQuery!=null and pageSize!=null">
      LIMIT #{startQuery},#{pageSize}  
    </if>
  </select>
  
    <select id="selectListByConditionWithExec" parameterType="map" resultType="com.spr.web.evaluate.dto.record.EvaluateRecordDTO">
    select 
      a.id AS id,
      a.connect_record_id as connectRecordId,
      a.pro_id AS proId,
      a.part_id AS partId,
      a.target_unit_id AS targetUnitId,
      a.eval_user_id AS evalUserId,
      a.eval_unit_id AS evalUnitId,
      a.form_id AS formId,
      a.record_type AS recordType,
      a.form_type AS formType,
      a.specific_step AS specificStep,
      a.total_score AS totalScore,
      a.eval_grade AS evalGrade,
      a.gmt_eval AS gmtEval,
      a.pro_name AS proName,
      a.contractor_name AS contractorName,
      a.build_unit_name AS buildUnitName,
      a.situation_goods AS situationGoods,
      a.situation_bads AS situationBads,
      a.memo AS memo,
      a.eng_type_code AS engTypeCode,
      a.status AS status,
      a.plea_status AS pleaStatus,
      a.gmt_plea AS gmtPlea,
      a.plea_content AS pleaContent,
      a.plea_reply AS pleaReply,
      a.flag AS flag,
      a.create_by AS createBy,
      a.update_by AS updateBy,
      a.gmt_create AS gmtCreate,
      a.gmt_modified AS gmtModified,     
      b.title AS statusName,
      b.status As procStatus,
      b.flow_status As flowStatus,
      b.node_type As nodeType,
      c.process_name AS procDefName,
      e.pro_name AS proName,
      f.part_name AS partName,
      g.unit_name as targetUnitName,
      h.unit_name AS evalUnitName
    from evaluate_record a
  	INNER JOIN flow_exec_node b on a.id = b.data_id
    LEFT JOIN flow_proc_def c on b.proc_def_id = c.id
    LEFT JOIN c_user d on a.create_by = d.id
    LEFT JOIN project_info e on a.pro_id = e.id
    LEFT JOIN project_part_info f on a.part_id = f.id
    LEFT JOIN c_unit g on a.target_unit_id = g.id
    LEFT JOIN c_unit h on a.eval_unit_id = h.id
    <if test="handler!=null or handlerOnly!=null">
 		LEFT JOIN flow_exec_identitylink idlink on idlink.node_id = b.id 
 	</if>
    <include refid="select_condition" />
    GROUP BY a.id
    <if test="sidx!=null and sord!=null">
      ORDER BY ${sidx} ${sord}
    </if>
    <if test="startQuery!=null and pageSize!=null">
      LIMIT #{startQuery},#{pageSize}  
    </if>
  </select>
  
  
  <!-- 年度用 -->
    <select id="countYearByCondition" parameterType="map" resultType="long">
    SELECT COUNT(*) FROM evaluate_record a
      LEFT JOIN project_part_info f on a.part_id = f.id
      LEFT JOIN c_unit g on a.target_unit_id = g.id
    <include refid="select_condition" />
  </select>
  
  
  <select id="selectYearListByCondition" parameterType="map" resultType="com.spr.web.evaluate.dto.record.EvaluateRecordDTO">
    select 
      a.id AS id,
      a.target_unit_id AS targetUnitId,
      a.eval_user_id AS evalUserId,
      a.eng_type_code AS engTypeCode,
      a.form_type AS formType,
      a.total_score AS totalScore,
      a.eval_grade AS evalGrade,
      a.gmt_eval AS gmtEval,
      g.unit_name as targetUnitName
    from evaluate_record a
      LEFT JOIN project_part_info f on a.part_id = f.id
      LEFT JOIN c_unit g on a.target_unit_id = g.id
    <include refid="select_condition" />
    <if test="sidx!=null and sord!=null">
      ORDER BY ${sidx} ${sord}
    </if>
    <if test="startQuery!=null and pageSize!=null">
      LIMIT #{startQuery},#{pageSize}  
    </if>
  </select>

  <select id="getDetailById" parameterType="java.lang.String" resultType="com.spr.web.evaluate.dto.record.EvaluateRecordDTO">
    SELECT 
      id AS id,
      connect_record_id as connectRecordId,
      pro_id AS proId,
      part_id AS partId,
      target_unit_id AS targetUnitId,
      eval_user_id AS evalUserId,
      eval_unit_id as evalUserId,
      form_id AS formId,
      record_type AS recordType,
      form_type AS formType,
      specific_step AS specificStep,
      total_score AS totalScore,
      eval_grade AS evalGrade,
      gmt_eval AS gmtEval,
      pro_name AS proName,
      contractor_name AS contractorName,
      build_unit_name AS buildUnitName,
      eng_type_code AS engTypeCode,
      situation_goods AS situationGoods,
      situation_bads AS situationBads,
      memo AS memo,
      status AS status,
      plea_status AS pleaStatus,
      gmt_plea AS gmtPlea,
      plea_content AS pleaContent,
      plea_reply AS pleaReply,
      flag AS flag,
      create_by AS createBy,
      update_by AS updateBy,
      gmt_create AS gmtCreate,
      gmt_modified AS gmtModified
    FROM evaluate_record

    WHERE id = #{id,jdbcType=VARCHAR}
  </select>
  
  <!-- 承包商平均得分统计 -->
  <sql id="avg_score_condition">
  	<where>
  		er.FLAG = 1 AND er.status=2 AND er.form_type = 'comprehensive'
  		<if test="likeUnitName != null">
  			AND cu.unit_name LIKE #{likeUnitName}
  		</if>
  		<if test="gmtEvalStart != null">
  			AND DATEDIFF(er.gmt_eval, #{gmtEvalStart}) &gt;= 0
  		</if>
  		<if test="gmtEvalEnd != null">
  			AND DATEDIFF(er.gmt_eval, #{gmtEvalEnd}) &lt;= 0
  		</if>
  	</where>
  </sql>
  
  <select id="countAvgScoreByCondition" parameterType="map" resultType="long">
	SELECT COUNT(*) FROM (
		SELECT cu.id AS targetUnitId, cu.unit_name AS targetUnitName, AVG(total_score) AS avgScore
		FROM evaluate_record er 
		LEFT JOIN c_unit cu ON er.target_unit_id = cu.id
		<include refid="avg_score_condition" />
	  	GROUP BY er.target_unit_id 
  	) AVG_TABLE
  </select>
  
  <select id="avgScoreByCondition" parameterType="map" resultType="com.spr.web.evaluate.dto.record.EvaluateRecordDTO">
  	SELECT cu.id AS targetUnitId, cu.unit_name AS targetUnitName, convert(AVG(total_score),decimal(10,1)) AS avgScore
  	FROM evaluate_record er
  	LEFT JOIN c_unit cu ON er.target_unit_id = cu.id
  	<include refid="avg_score_condition" />
  	GROUP BY er.target_unit_id 
    <if test="sidx!=null and sord!=null">
      ORDER BY ${sidx} ${sord}
    </if>
    <if test="startQuery!=null and pageSize!=null">
      LIMIT #{startQuery},#{pageSize}  
    </if>
  </select>
  
  <!-- 承包商红黑榜 -->
  <select id="bestUnitTopK" parameterType="map" resultType="map">
  	SELECT cu.id AS unitId, cu.unit_name AS unitName, convert(AVG(total_score),decimal(10,1)) AS avgScore
  	FROM evaluate_record er
  	LEFT JOIN c_unit cu ON er.target_unit_id = cu.id
  	WHERE er.FLAG = 1 
  	AND er.eval_grade = 3 
  	AND er.status=2 
  	AND er.form_type = 'comprehensive'
  	<if test="engTypeCode != null">
  		AND er.eng_type_code = #{engTypeCode}
  	</if>
  	GROUP BY er.target_unit_id 
  	ORDER BY avgScore DESC 
  	LIMIT 50
  </select>
  
  <select id="worstUnitTopK" parameterType="map" resultType="map">
  	SELECT cu.id AS unitId, cu.unit_name AS unitName, convert(AVG(total_score),decimal(10,1)) AS avgScore
  	FROM evaluate_record er
  	LEFT JOIN c_unit cu ON er.target_unit_id = cu.id
  	WHERE er.FLAG = 1 
  	AND er.eval_grade = 0 
  	AND er.status=2 
  	AND er.form_type = 'comprehensive'
  	<if test="engTypeCode != null">
  		AND er.eng_type_code = #{engTypeCode}
  	</if>
  	GROUP BY er.target_unit_id 
  	ORDER BY avgScore ASC 
  	LIMIT 50
  </select>
  
  <select id="yearUnitTopK" parameterType="map" resultType="map">
  	SELECT
	  b.id as unitId,
	  b.unit_name as unitName,
	  a.total_score	as score
	FROM
		evaluate_record a 
	LEFT JOIN c_unit b on a.target_unit_id  = b.id
	WHERE
		form_type = 'year'
	<if test="engTypeCode != null">
  		AND a.eng_type_code = #{engTypeCode}
  	</if>
	and YEAR(gmt_eval) = ${year}
	order by score desc 	
 		LIMIT 50
  </select>
  
  
  <select id="statUnitAvgScore" resultType="map">
   SELECT
		u.unit_name unitName,
		AVG(total_score) avgScore
	FROM
		evaluate_record r
	LEFT JOIN c_unit u ON r.target_unit_id = u.id
	WHERE
		r.STATUS = 2
	AND r.flag = 1
	GROUP BY
		r.target_unit_id
	ORDER BY avgScore ASC
	LIMIT 0,10	
  </select>
  

   <select id="statUnitScoreTime" resultType="map">
    SELECT
		u.unit_name unitName,
		COUNT(*) scoreTime
	FROM
		evaluate_record r
	LEFT JOIN c_unit u ON r.target_unit_id = u.id
	WHERE
		r. STATUS = 2
	GROUP BY
		r.target_unit_id
	ORDER BY
		scoreTime ASC
	LIMIT 0,10
  </select>

  <!-- 工程类型平均分 -->
  <select id="statContractorTypeAvgScore" resultType="map">
	<!-- SELECT
		AVG(a.total_score) avgScore,
		d.type_name  typeName
	FROM
		evaluate_record a
	LEFT JOIN project_part_info c on a.part_id = c.id
	LEFT JOIN engineering_type d on c.eng_type_code = d.type_code
	WHERE c.eng_type_code IS NOT NULL AND a.form_type = 'comprehensive'
	GROUP BY
		c.eng_type_code -->
	SELECT
		AVG(a.total_score) avgScore,
		b.type_name typeName
	FROM
		evaluate_record a
	LEFT JOIN engineering_type b ON a.eng_type_code = b.type_code
	WHERE
	 a.form_type = 'comprehensive'
	GROUP BY
		a.eng_type_code
  </select>

  
  <!-- 工程类型数量 -->
  <select id="getExcellentNumOfEngType" resultType="map">
	<!-- SELECT
		good.goodNum AS goodNum,
		eng.typeName AS typeName
	FROM
		(
			SELECT
				COUNT(a.id) AS goodNum,
				c.eng_type_code AS typeCode,
				d.type_name typeName
			FROM
				evaluate_record a
			LEFT JOIN project_part_info c ON a.part_id = c.id
			LEFT JOIN engineering_type d ON c.eng_type_code = d.type_code
			WHERE
				c.eng_type_code IS NOT NULL AND a.form_type = 'comprehensive'
			AND a.total_score >= 60
			GROUP BY
				c.eng_type_code
		) good
	RIGHT JOIN (
		SELECT
			e.type_name AS typeName
		FROM
			engineering_type e
		GROUP BY
			e.type_name
	) eng ON good.typeName = eng.typeName -->
	SELECT
		good.goodNum AS goodNum,
		eng.typeName AS typeName
	FROM
		(
			SELECT
				COUNT(a.id) AS goodNum,
				a.eng_type_code AS typeCode,
				b.type_name typeName
			FROM
				evaluate_record a
			LEFT JOIN engineering_type b ON a.eng_type_code = b.type_code
			WHERE
			  a.form_type = 'comprehensive'
			AND a.total_score >= 60
			GROUP BY
				a.eng_type_code
		) good
	RIGHT JOIN (
		SELECT
			e.type_name AS typeName
		FROM
			engineering_type e
		GROUP BY
			e.type_name
	) eng ON good.typeName = eng.typeName
  </select>
  
  <select id="getFailNumOfEngType" resultType="map">
<!-- 		SELECT
			good.badNum AS badNum,
			eng.typeName AS typeName
		FROM
			(
				SELECT
					COUNT(a.id) AS badNum,
					c.eng_type_code AS typeCode,
					d.type_name typeName
				FROM
					evaluate_record a
				LEFT JOIN project_part_info c ON a.part_id = c.id
				LEFT JOIN engineering_type d ON c.eng_type_code = d.type_code
				WHERE
					c.eng_type_code IS NOT NULL AND a.form_type = 'comprehensive'
				AND a.total_score &lt; 60
				GROUP BY
					c.eng_type_code
			) good
		RIGHT JOIN (
			SELECT
				e.type_name AS typeName
			FROM
				engineering_type e
			GROUP BY
				e.type_name
		) eng ON good.typeName = eng.typeName -->	
		SELECT
			good.badNum AS badNum,
			eng.typeName AS typeName
		FROM
			(
				SELECT
					COUNT(a.id) AS badNum,
					a.eng_type_code AS typeCode,
					b.type_name typeName
				FROM
					evaluate_record a
				LEFT JOIN engineering_type b ON a.eng_type_code = b.type_code
				WHERE
				 a.form_type = 'comprehensive'
				AND a.total_score &lt; 60
				GROUP BY
					a.eng_type_code
			) good
		RIGHT JOIN (
			SELECT
				e.type_name AS typeName
			FROM
				engineering_type e
			GROUP BY
				e.type_name
		) eng ON good.typeName = eng.typeName		
  </select>
  
  
  <select id="getSeasonAvgScore" parameterType="map" resultType="java.math.BigDecimal">
		SELECT
			ROUND(AVG(total_score), 1)
		FROM
			evaluate_record
		WHERE
			form_type = 'season'
		and flag = 1 and status = 2	
		<if test="partId!=null">
			and part_id = #{partId}
		</if>
		<if test="proId!=null">
			and pro_id = #{proId} and eng_type_code = 'DJ'
		</if>
  </select>
  
    
    <select id="judgeIfEvaluateRecordExist" parameterType="map" resultType="long">
	    SELECT
			COUNT(*)
		FROM
			evaluate_record 
		where 
			eval_unit_id = #{evalUnitId}	
		AND flag = 1
		AND eng_type_code = #{engTypeCode}
		AND form_type = #{formType}
		<if test="proId != null">
          AND pro_id = #{proId}
        </if>
        <if test="partId != null">
          AND part_id = #{partId}
        </if>		
		<if test="evalBeginTime!=null">
		  and gmt_eval &gt;=#{evalBeginTime}
		</if>
		<if test="evalEndTime!=null">
		  and gmt_eval &lt;=#{evalEndTime} 
		</if>
  </select>

  
  
  <delete id="deleteYearEvaluateRecord">
    delete from evaluate_record
    where form_type = 'year' and  (YEAR(gmt_eval) = YEAR(CURDATE()))
  </delete>
  
 

  <delete id="deleteById" parameterType="java.lang.String">
    delete from evaluate_record
    where id = #{id,jdbcType=VARCHAR}
  </delete>

  <delete id="deleteByCondition" parameterType="map">
    delete from evaluate_record
    <include refid="delete_condition" />
  </delete>


<delete id="deletePartComprehensiveEvaluateRecord" parameterType="java.lang.String">
    delete from evaluate_record where form_type = 'comprehensive' and part_id = #{partId}
  </delete>
  
  <delete id="deleteProComprehensiveEvaluateRecord" parameterType="java.lang.String">
    delete from evaluate_record where form_type = 'comprehensive' and eng_type_code = 'DJ' and pro_id = #{proId}
  </delete>
  
  
   <delete id="deleteProTotalContractEvaluateRecord" parameterType="java.lang.String">
    delete from evaluate_record where form_type = 'contract' and eng_type_code = 'DJ' and record_type = 'total' and pro_id = #{proId}
  </delete>



  <sql id="delete_condition">
    <where>
      <if test="flag != null">
      	AND flag = #{flag}
      </if>
      <if test="ids != null and ids.length > 0">
        AND id IN <foreach collection="ids" item="item" index="index" open="(" close=")" separator=",">#{item}</foreach>
      </if>
      <if test="formIds != null and formIds.length > 0">
        AND form_id IN <foreach collection="formIds" item="item" index="index" open="(" close=")" separator=",">#{item}</foreach>
      </if>
    </where>
  </sql>



  <insert id="insert" parameterType="com.spr.web.evaluate.entity.EvaluateRecord">
    <selectKey keyProperty="id" order="BEFORE" resultType="java.lang.String">
      SELECT REPLACE(UUID(),'-','')
    </selectKey>
    insert into evaluate_record (id,connect_record_id, pro_id, part_id, 
      target_unit_id, eval_user_id, eval_unit_id,form_id, 
      record_type, form_type, specific_step, 
      total_score, eval_grade, gmt_eval, 
      pro_name, contractor_name, build_unit_name, situation_goods, situation_bads, 
      memo, eng_type_code,status, plea_status, 
      gmt_plea, plea_content, plea_reply, 
      flag, create_by, update_by, 
      gmt_create, gmt_modified)
    values (#{id,jdbcType=VARCHAR},#{connectRecordId,jdbcType=VARCHAR},#{proId,jdbcType=VARCHAR}, #{partId,jdbcType=VARCHAR}, 
      #{targetUnitId,jdbcType=VARCHAR}, #{evalUserId,jdbcType=VARCHAR},#{evalUnitId,jdbcType=VARCHAR},#{formId,jdbcType=VARCHAR}, 
      #{recordType,jdbcType=VARCHAR}, #{formType,jdbcType=VARCHAR}, #{specificStep,jdbcType=VARCHAR}, 
      #{totalScore,jdbcType=DECIMAL}, #{evalGrade,jdbcType=SMALLINT}, #{gmtEval,jdbcType=TIMESTAMP}, 
      #{proName,jdbcType=VARCHAR}, #{contractorName,jdbcType=VARCHAR}, #{buildUnitName,jdbcType=VARCHAR}, #{situationGoods,jdbcType=VARCHAR}, #{situationBads,jdbcType=VARCHAR}, 
      #{memo,jdbcType=VARCHAR}, #{engTypeCode,jdbcType=VARCHAR}, #{status,jdbcType=SMALLINT}, #{pleaStatus,jdbcType=SMALLINT}, 
      #{gmtPlea,jdbcType=TIMESTAMP}, #{pleaContent,jdbcType=VARCHAR}, #{pleaReply,jdbcType=VARCHAR}, 
      #{flag,jdbcType=SMALLINT}, #{createBy,jdbcType=VARCHAR}, #{updateBy,jdbcType=VARCHAR}, 
      #{gmtCreate,jdbcType=TIMESTAMP}, #{gmtModified,jdbcType=TIMESTAMP})
  </insert>

  <insert id="insertSelective" parameterType="com.spr.web.evaluate.entity.EvaluateRecord">
    <selectKey keyProperty="id" order="BEFORE" resultType="java.lang.String">
      SELECT REPLACE(UUID(),'-','')
    </selectKey>
    insert into evaluate_record
    <trim prefix="(" suffix=")" suffixOverrides=",">
      id,
      <if test="connectRecordId != null">
        connect_record_id,
      </if>
      <if test="proId != null">
        pro_id,
      </if>
      <if test="partId != null">
        part_id,
      </if>
      <if test="targetUnitId != null">
        target_unit_id,
      </if>
      <if test="evalUserId != null">
        eval_user_id,
      </if>
      <if test="evalUnitId != null">
        eval_unit_id,
      </if>
      <if test="formId != null">
        form_id,
      </if>
      <if test="recordType != null">
        record_type,
      </if>
      <if test="formType != null">
        form_type,
      </if>
      <if test="specificStep != null">
        specific_step,
      </if>
      <if test="totalScore != null">
        total_score,
      </if>
      <if test="evalGrade != null">
        eval_grade,
      </if>
      <if test="gmtEval != null">
        gmt_eval,
      </if>
      <if test="proName != null">
        pro_name,
      </if>
      <if test="contractorName != null">
        contractor_name,
      </if>
      <if test="buildUnitName != null">
        build_unit_name,
      </if>
      <if test="situationGoods != null">
        situation_goods,
      </if>
      <if test="situationBads != null">
        situation_bads,
      </if>
      <if test="memo != null">
        memo,
      </if>
      <if test="engTypeCode != null">
        eng_type_code,
      </if>
      <if test="status != null">
        status,
      </if>
      <if test="pleaStatus != null">
        plea_status,
      </if>
      <if test="gmtPlea != null">
        gmt_plea,
      </if>
      <if test="pleaContent != null">
        plea_content,
      </if>
      <if test="pleaReply != null">
        plea_reply,
      </if>
      <if test="flag != null">
        flag,
      </if>
      <if test="createBy != null">
        create_by,
      </if>
      <if test="updateBy != null">
        update_by,
      </if>
      <if test="gmtCreate != null">
        gmt_create,
      </if>
      <if test="gmtModified != null">
        gmt_modified,
      </if>
    </trim>
    <trim prefix="values (" suffix=")" suffixOverrides=",">
      #{id,jdbcType=VARCHAR},
      <if test="connectRecordId != null">
        #{connectRecordId,jdbcType=VARCHAR},
      </if>     
      <if test="proId != null">
        #{proId,jdbcType=VARCHAR},
      </if>
      <if test="partId != null">
        #{partId,jdbcType=VARCHAR},
      </if>
      <if test="targetUnitId != null">
        #{targetUnitId,jdbcType=VARCHAR},
      </if>
      <if test="evalUserId != null">
        #{evalUserId,jdbcType=VARCHAR},
      </if>
      <if test="evalUnitId != null">
        #{evalUnitId,jdbcType=VARCHAR},
      </if>
      <if test="formId != null">
        #{formId,jdbcType=VARCHAR},
      </if>
      <if test="recordType != null">
        #{recordType,jdbcType=VARCHAR},
      </if>
      <if test="formType != null">
        #{formType,jdbcType=VARCHAR},
      </if>
      <if test="specificStep != null">
        #{specificStep,jdbcType=VARCHAR},
      </if>
      <if test="totalScore != null">
        #{totalScore,jdbcType=DECIMAL},
      </if>
      <if test="evalGrade != null">
        #{evalGrade,jdbcType=SMALLINT},
      </if>
      <if test="gmtEval != null">
        #{gmtEval,jdbcType=TIMESTAMP},
      </if>
      <if test="proName != null">
        #{proName,jdbcType=VARCHAR},
      </if>
      <if test="contractorName != null">
        #{contractorName,jdbcType=VARCHAR},
      </if>
      <if test="buildUnitName != null">
        #{buildUnitName,jdbcType=VARCHAR},
      </if>
      <if test="situationGoods != null">
        #{situationGoods,jdbcType=VARCHAR},
      </if>
      <if test="situationBads != null">
        #{situationBads,jdbcType=VARCHAR},
      </if>
      <if test="memo != null">
        #{memo,jdbcType=VARCHAR},
      </if>
      <if test="engTypeCode != null">
        #{engTypeCode,jdbcType=VARCHAR},
      </if>
      <if test="status != null">
        #{status,jdbcType=SMALLINT},
      </if>
      <if test="pleaStatus != null">
        #{pleaStatus,jdbcType=SMALLINT},
      </if>
      <if test="gmtPlea != null">
        #{gmtPlea,jdbcType=TIMESTAMP},
      </if>
      <if test="pleaContent != null">
        #{pleaContent,jdbcType=VARCHAR},
      </if>
      <if test="pleaReply != null">
        #{pleaReply,jdbcType=VARCHAR},
      </if>
      <if test="flag != null">
        #{flag,jdbcType=SMALLINT},
      </if>
      <if test="createBy != null">
        #{createBy,jdbcType=VARCHAR},
      </if>
      <if test="updateBy != null">
        #{updateBy,jdbcType=VARCHAR},
      </if>
      <if test="gmtCreate != null">
        #{gmtCreate,jdbcType=TIMESTAMP},
      </if>
      <if test="gmtModified != null">
        #{gmtModified,jdbcType=TIMESTAMP},
      </if>
    </trim>
  </insert>

  <update id="updateSelective" parameterType="com.spr.web.evaluate.entity.EvaluateRecord">
    update evaluate_record
    <set>
      <if test="connectRecordId != null">
        connect_record_id = #{connectRecordId,jdbcType=VARCHAR},
      </if>  
      <if test="proId != null">
        pro_id = #{proId,jdbcType=VARCHAR},
      </if>
      <if test="partId != null">
        part_id = #{partId,jdbcType=VARCHAR},
      </if>
      <if test="targetUnitId != null">
        target_unit_id = #{targetUnitId,jdbcType=VARCHAR},
      </if>
      <if test="evalUserId != null">
        eval_user_id = #{evalUserId,jdbcType=VARCHAR},
      </if>
      <if test="evalUnitId != null">
        eval_unit_id = #{evalUnitId,jdbcType=VARCHAR},
      </if>
      <if test="formId != null">
        form_id = #{formId,jdbcType=VARCHAR},
      </if>
      <if test="recordType != null">
        record_type = #{recordType,jdbcType=VARCHAR},
      </if>
      <if test="formType != null">
        form_type = #{formType,jdbcType=VARCHAR},
      </if>
      <if test="specificStep != null">
        specific_step = #{specificStep,jdbcType=VARCHAR},
      </if>
      <if test="totalScore != null">
        total_score = #{totalScore,jdbcType=DECIMAL},
      </if>
      <if test="evalGrade != null">
        eval_grade = #{evalGrade,jdbcType=SMALLINT},
      </if>
      <if test="gmtEval != null">
        gmt_eval = #{gmtEval,jdbcType=TIMESTAMP},
      </if>
      <if test="proName != null">
        pro_name = #{proName,jdbcType=VARCHAR},
      </if>
      <if test="contractorName != null">
        contractor_name = #{contractorName,jdbcType=VARCHAR},
      </if>
      <if test="buildUnitName != null">
        build_unit_name = #{buildUnitName,jdbcType=VARCHAR},
      </if>
      <if test="situationGoods != null">
        situation_goods = #{situationGoods,jdbcType=VARCHAR},
      </if>
      <if test="situationBads != null">
        situation_bads = #{situationBads,jdbcType=VARCHAR},
      </if>
      <if test="memo != null">
        memo = #{memo,jdbcType=VARCHAR},
      </if>
      <if test="engTypeCode != null">
        eng_type_code = #{engTypeCode,jdbcType=VARCHAR},
      </if>
      <if test="status != null">
        status = #{status,jdbcType=SMALLINT},
      </if>
      <if test="pleaStatus != null">
        plea_status = #{pleaStatus,jdbcType=SMALLINT},
      </if>
      <if test="gmtPlea != null">
        gmt_plea = #{gmtPlea,jdbcType=TIMESTAMP},
      </if>
      <if test="pleaContent != null">
        plea_content = #{pleaContent,jdbcType=VARCHAR},
      </if>
      <if test="pleaReply != null">
        plea_reply = #{pleaReply,jdbcType=VARCHAR},
      </if>
      <if test="flag != null">
        flag = #{flag,jdbcType=SMALLINT},
      </if>
      <if test="createBy != null">
        create_by = #{createBy,jdbcType=VARCHAR},
      </if>
      <if test="updateBy != null">
        update_by = #{updateBy,jdbcType=VARCHAR},
      </if>
      <if test="gmtCreate != null">
        gmt_create = #{gmtCreate,jdbcType=TIMESTAMP},
      </if>
      <if test="gmtModified != null">
        gmt_modified = #{gmtModified,jdbcType=TIMESTAMP},
      </if>
      <if test="checked != null">
        checked = #{checked,jdbcType=SMALLINT},
      </if>
    </set>
    where id = #{id,jdbcType=VARCHAR}
  </update>

  <update id="update" parameterType="com.spr.web.evaluate.entity.EvaluateRecord">
    update evaluate_record
    set 
      connect_record_id = #{connectRecordId,jdbcType=VARCHAR},
      pro_id = #{proId,jdbcType=VARCHAR},
      part_id = #{partId,jdbcType=VARCHAR},
      target_unit_id = #{targetUnitId,jdbcType=VARCHAR},
      eval_user_id = #{evalUserId,jdbcType=VARCHAR},
      eval_unit_id = #{evalUnitId,jdbcType=VARCHAR},
      form_id = #{formId,jdbcType=VARCHAR},
      record_type = #{recordType,jdbcType=VARCHAR},
      form_type = #{formType,jdbcType=VARCHAR},
      specific_step = #{specificStep,jdbcType=VARCHAR},
      total_score = #{totalScore,jdbcType=DECIMAL},
      eval_grade = #{evalGrade,jdbcType=SMALLINT},
      gmt_eval = #{gmtEval,jdbcType=TIMESTAMP},
      pro_name = #{proName,jdbcType=VARCHAR},
      contractor_name = #{contractorName,jdbcType=VARCHAR},
      build_unit_name = #{buildUnitName,jdbcType=VARCHAR},
      situation_goods = #{situationGoods,jdbcType=VARCHAR},
      situation_bads = #{situationBads,jdbcType=VARCHAR},
      memo = #{memo,jdbcType=VARCHAR},
      eng_type_code = #{engTypeCode,jdbcType=VARCHAR},
      status = #{status,jdbcType=SMALLINT},
      plea_status = #{pleaStatus,jdbcType=SMALLINT},
      gmt_plea = #{gmtPlea,jdbcType=TIMESTAMP},
      plea_content = #{pleaContent,jdbcType=VARCHAR},
      plea_reply = #{pleaReply,jdbcType=VARCHAR},
      flag = #{flag,jdbcType=SMALLINT},
      create_by = #{createBy,jdbcType=VARCHAR},
      update_by = #{updateBy,jdbcType=VARCHAR},
      gmt_create = #{gmtCreate,jdbcType=TIMESTAMP},
      gmt_modified = #{gmtModified,jdbcType=TIMESTAMP},
      checked = #{checked,jdbcType=SMALLINT}
    where id = #{id,jdbcType=VARCHAR}
  </update>
  
    <update id="updateChecked" parameterType="com.spr.web.evaluate.entity.EvaluateRecord">
    update evaluate_record
    set checked = #{checked,jdbcType=SMALLINT}
    where id = #{id,jdbcType=VARCHAR}
  </update>
</mapper>