<?xml version="1.0" encoding="UTF-8"?>
<!DOCTYPE mapper PUBLIC "-//mybatis.org//DTD Mapper 3.0//EN" "http://mybatis.org/dtd/mybatis-3-mapper.dtd">
<mapper namespace="com.spr.web.evaluate.dao.IEvaluateFormIndexDao">

  <resultMap id="BaseResultMap" type="com.spr.web.evaluate.entity.EvaluateFormIndex">
    <id column="id" jdbcType="VARCHAR" property="id" />
    <result column="sort_no" jdbcType="INTEGER" property="sortNo" />
    <result column="sort_name" jdbcType="VARCHAR" property="sortName" />
    <result column="index_name" jdbcType="VARCHAR" property="indexName" />
    <result column="score" jdbcType="INTEGER" property="score" />
    <result column="index_conten" jdbcType="VARCHAR" property="indexConten" />
    <result column="standard" jdbcType="VARCHAR" property="standard" />
    <result column="parent_id" jdbcType="VARCHAR" property="parentId" />
    <result column="level" jdbcType="INTEGER" property="level" />
    <result column="status" jdbcType="SMALLINT" property="status" />
    <result column="flag" jdbcType="SMALLINT" property="flag" />
    <result column="create_by" jdbcType="VARCHAR" property="createBy" />
    <result column="update_by" jdbcType="VARCHAR" property="updateBy" />
    <result column="gmt_create" jdbcType="TIMESTAMP" property="gmtCreate" />
    <result column="gmt_modified" jdbcType="TIMESTAMP" property="gmtModified" />
  </resultMap>

  <sql id="Base_Column_List">
    id, sort_no, sort_name, index_name, score, index_conten, standard, parent_id, level, 
    status, flag, create_by, update_by, gmt_create, gmt_modified
  </sql>

  <select id="getById" parameterType="java.lang.String" resultMap="BaseResultMap">
    select 
    <include refid="Base_Column_List" />
    from evaluate_form_index
    where id = #{id,jdbcType=VARCHAR}
  </select>

  <select id="countByCondition" parameterType="map" resultType="long">
    SELECT COUNT(*) FROM evaluate_form_index
    <include refid="select_condition" />
  </select>

  <sql id="select_condition">
    <where>
      <if test="id!=null">
        id=#{id}
      </if>
      <if test="sortNo!=null">
        AND sort_no=#{sortNo}
      </if>
      <if test="sortName!=null">
        AND sort_name=#{sortName}
      </if>
      <if test="indexName!=null">
        AND index_name=#{indexName}
      </if>
      <if test="score!=null">
        AND score=#{score}
      </if>
      <if test="indexConten!=null">
        AND index_conten=#{indexConten}
      </if>
      <if test="standard!=null">
        AND standard=#{standard}
      </if>
      <if test="parentId!=null">
        AND parent_id=#{parentId}
      </if>
      <if test="level!=null">
        AND level=#{level}
      </if>
      <if test="status!=null">
        AND status=#{status}
      </if>
      <if test="flag!=null">
        AND flag=#{flag}
      </if>
      <if test="createBy!=null">
        AND create_by=#{createBy}
      </if>
      <if test="updateBy!=null">
        AND update_by=#{updateBy}
      </if>
      <if test="gmtCreate!=null">
        AND gmt_create=#{gmtCreate}
      </if>
      <if test="gmtModified!=null">
        AND gmt_modified=#{gmtModified}
      </if>
      <if test="likeIndexName != null">
        AND index_name LIKE #{likeIndexName}
      </if>
      <if test="parentIds != null and parentIds.length > 0">
        AND parent_id IN <foreach collection="parentIds" item="item" index="index" open="(" close=")" separator=",">#{item}</foreach>
      </if>
    </where>
  </sql>

  <select id="selectListByCondition" parameterType="map" resultType="com.spr.web.evaluate.dto.form.EvaluateFormIndexDTO">
    select 
      id AS id,
      sort_no AS sortNo,
      sort_name AS sortName,
      index_name AS indexName,
      score AS score,
      index_conten AS indexConten,
      standard AS standard,
      parent_id AS parentId,
      level AS level,
      status AS status,
      flag AS flag,
      create_by AS createBy,
      update_by AS updateBy,
      gmt_create AS gmtCreate,
      gmt_modified AS gmtModified
    from evaluate_form_index
    <include refid="select_condition" />
    <if test="sidx!=null and sord!=null">
      ORDER BY ${sidx} ${sord}
    </if>
    <if test="startQuery!=null and pageSize!=null">
      LIMIT #{startQuery},#{pageSize}  
    </if>
  </select>

  <select id="getDetailById" parameterType="java.lang.String" resultType="com.spr.web.evaluate.dto.form.EvaluateFormIndexDTO">
    SELECT 
      id AS id,
      sort_no AS sortNo,
      sort_name AS sortName,
      index_name AS indexName,
      score AS score,
      index_conten AS indexConten,
      standard AS standard,
      parent_id AS parentId,
      level AS level,
      status AS status,
      flag AS flag,
      create_by AS createBy,
      update_by AS updateBy,
      gmt_create AS gmtCreate,
      gmt_modified AS gmtModified
    FROM evaluate_form_index

    WHERE id = #{id,jdbcType=VARCHAR}
  </select>
  
   <select id="getTitleByParentId" parameterType="java.lang.String" resultType="com.spr.web.evaluate.dto.form.EvaluateFormIndexDTO">
    SELECT 
      id AS id,
      sort_no AS sortNo,
      sort_name AS sortName,
      index_name AS indexName,
      score AS score,
      index_conten AS indexConten,
      standard AS standard,
      parent_id AS parentId,
      level AS level,
      status AS status,
      flag AS flag,
      create_by AS createBy,
      update_by AS updateBy,
      gmt_create AS gmtCreate,
      gmt_modified AS gmtModified
    FROM evaluate_form_index

    WHERE parent_id = #{parentId,jdbcType=VARCHAR} and level=0
  </select>

  <delete id="deleteById" parameterType="java.lang.String">
    delete from evaluate_form_index
    where id = #{id,jdbcType=VARCHAR}
  </delete>

  <delete id="deleteByCondition" parameterType="map">
    delete from evaluate_form_index
    <include refid="delete_condition" />
  </delete>

  <sql id="delete_condition">
    <where>
      <if test="parentIds != null and parentIds.length > 0">
        AND parent_id IN <foreach collection="parentIds" item="item" index="index" open="(" close=")" separator=",">#{item}</foreach>
      </if>
    </where>
  </sql>

  <insert id="insert" parameterType="com.spr.web.evaluate.entity.EvaluateFormIndex">
    <selectKey keyProperty="id" order="BEFORE" resultType="java.lang.String">
      SELECT REPLACE(UUID(),'-','')
    </selectKey>
    insert into evaluate_form_index (id, sort_no, sort_name, 
      index_name, score, index_conten, 
      standard, parent_id, level, 
      status, flag, create_by, 
      update_by, gmt_create, gmt_modified
      )
    values (#{id,jdbcType=VARCHAR}, #{sortNo,jdbcType=INTEGER}, #{sortName,jdbcType=VARCHAR}, 
      #{indexName,jdbcType=VARCHAR}, #{score,jdbcType=VARCHAR}, #{indexConten,jdbcType=VARCHAR}, 
      #{standard,jdbcType=VARCHAR}, #{parentId,jdbcType=VARCHAR}, #{level,jdbcType=INTEGER}, 
      #{status,jdbcType=SMALLINT}, #{flag,jdbcType=SMALLINT}, #{createBy,jdbcType=VARCHAR}, 
      #{updateBy,jdbcType=VARCHAR}, #{gmtCreate,jdbcType=TIMESTAMP}, #{gmtModified,jdbcType=TIMESTAMP}
      )
  </insert>

  <insert id="insertSelective" parameterType="com.spr.web.evaluate.entity.EvaluateFormIndex">
    <selectKey keyProperty="id" order="BEFORE" resultType="java.lang.String">
      SELECT REPLACE(UUID(),'-','')
    </selectKey>
    insert into evaluate_form_index
    <trim prefix="(" suffix=")" suffixOverrides=",">
      id,
      <if test="sortNo != null">
        sort_no,
      </if>
      <if test="sortName != null">
        sort_name,
      </if>
      <if test="indexName != null">
        index_name,
      </if>
      <if test="score != null">
        score,
      </if>
      <if test="indexConten != null">
        index_conten,
      </if>
      <if test="standard != null">
        standard,
      </if>
      <if test="parentId != null">
        parent_id,
      </if>
      <if test="level != null">
        level,
      </if>
      <if test="status != null">
        status,
      </if>
      <if test="flag != null">
        flag,
      </if>
      <if test="createBy != null">
        create_by,
      </if>
      <if test="updateBy != null">
        update_by,
      </if>
      <if test="gmtCreate != null">
        gmt_create,
      </if>
      <if test="gmtModified != null">
        gmt_modified,
      </if>
    </trim>
    <trim prefix="values (" suffix=")" suffixOverrides=",">
      #{id,jdbcType=VARCHAR},
      <if test="sortNo != null">
        #{sortNo,jdbcType=INTEGER},
      </if>
      <if test="sortName != null">
        #{sortName,jdbcType=VARCHAR},
      </if>
      <if test="indexName != null">
        #{indexName,jdbcType=VARCHAR},
      </if>
      <if test="score != null">
        #{score,jdbcType=VARCHAR},
      </if>
      <if test="indexConten != null">
        #{indexConten,jdbcType=VARCHAR},
      </if>
      <if test="standard != null">
        #{standard,jdbcType=VARCHAR},
      </if>
      <if test="parentId != null">
        #{parentId,jdbcType=VARCHAR},
      </if>
      <if test="level != null">
        #{level,jdbcType=INTEGER},
      </if>
      <if test="status != null">
        #{status,jdbcType=SMALLINT},
      </if>
      <if test="flag != null">
        #{flag,jdbcType=SMALLINT},
      </if>
      <if test="createBy != null">
        #{createBy,jdbcType=VARCHAR},
      </if>
      <if test="updateBy != null">
        #{updateBy,jdbcType=VARCHAR},
      </if>
      <if test="gmtCreate != null">
        #{gmtCreate,jdbcType=TIMESTAMP},
      </if>
      <if test="gmtModified != null">
        #{gmtModified,jdbcType=TIMESTAMP},
      </if>
    </trim>
  </insert>

  <update id="updateSelective" parameterType="com.spr.web.evaluate.entity.EvaluateFormIndex">
    update evaluate_form_index
    <set>
      <if test="sortNo != null">
        sort_no = #{sortNo,jdbcType=INTEGER},
      </if>
      <if test="sortName != null">
        sort_name = #{sortName,jdbcType=VARCHAR},
      </if>
      <if test="indexName != null">
        index_name = #{indexName,jdbcType=VARCHAR},
      </if>
      <if test="score != null">
        score = #{score,jdbcType=VARCHAR},
      </if>
      <if test="indexConten != null">
        index_conten = #{indexConten,jdbcType=VARCHAR},
      </if>
      <if test="standard != null">
        standard = #{standard,jdbcType=VARCHAR},
      </if>
      <if test="parentId != null">
        parent_id = #{parentId,jdbcType=VARCHAR},
      </if>
      <if test="level != null">
        level = #{level,jdbcType=INTEGER},
      </if>
      <if test="status != null">
        status = #{status,jdbcType=SMALLINT},
      </if>
      <if test="flag != null">
        flag = #{flag,jdbcType=SMALLINT},
      </if>
      <if test="createBy != null">
        create_by = #{createBy,jdbcType=VARCHAR},
      </if>
      <if test="updateBy != null">
        update_by = #{updateBy,jdbcType=VARCHAR},
      </if>
      <if test="gmtCreate != null">
        gmt_create = #{gmtCreate,jdbcType=TIMESTAMP},
      </if>
      <if test="gmtModified != null">
        gmt_modified = #{gmtModified,jdbcType=TIMESTAMP},
      </if>
    </set>
    where id = #{id,jdbcType=VARCHAR}
  </update>

  <update id="update" parameterType="com.spr.web.evaluate.entity.EvaluateFormIndex">
    update evaluate_form_index
    set sort_no = #{sortNo,jdbcType=INTEGER},
      sort_name = #{sortName,jdbcType=VARCHAR},
      index_name = #{indexName,jdbcType=VARCHAR},
      score = #{score,jdbcType=VARCHAR},
      index_conten = #{indexConten,jdbcType=VARCHAR},
      standard = #{standard,jdbcType=VARCHAR},
      parent_id = #{parentId,jdbcType=VARCHAR},
      level = #{level,jdbcType=INTEGER},
      status = #{status,jdbcType=SMALLINT},
      flag = #{flag,jdbcType=SMALLINT},
      create_by = #{createBy,jdbcType=VARCHAR},
      update_by = #{updateBy,jdbcType=VARCHAR},
      gmt_create = #{gmtCreate,jdbcType=TIMESTAMP},
      gmt_modified = #{gmtModified,jdbcType=TIMESTAMP}
    where id = #{id,jdbcType=VARCHAR}
  </update>
</mapper>