<?xml version="1.0" encoding="UTF-8"?>
<!DOCTYPE mapper PUBLIC "-//mybatis.org//DTD Mapper 3.0//EN" "http://mybatis.org/dtd/mybatis-3-mapper.dtd">
<mapper namespace="com.spr.web.evaluate.dao.IEvaluateContractorRelationDao">

  <resultMap id="BaseResultMap" type="com.spr.web.evaluate.entity.EvaluateContractorRelation">
    <id column="id" jdbcType="VARCHAR" property="id" />
    <result column="sort_no" jdbcType="INTEGER" property="sortNo" />
    <result column="contractor_type_code" jdbcType="VARCHAR" property="contractorTypeCode" />
    <result column="eval_form_id" jdbcType="VARCHAR" property="evalFormId" />
    <result column="eval_way" jdbcType="SMALLINT" property="evalWay" />
    <result column="status" jdbcType="SMALLINT" property="status" />
    <result column="create_by" jdbcType="VARCHAR" property="createBy" />
    <result column="update_by" jdbcType="VARCHAR" property="updateBy" />
    <result column="gmt_create" jdbcType="TIMESTAMP" property="gmtCreate" />
    <result column="gmt_modified" jdbcType="TIMESTAMP" property="gmtModified" />
  </resultMap>

  <sql id="Base_Column_List">
    id, sort_no, contractor_type_code, eval_form_id, eval_way, status, create_by, update_by, 
    gmt_create, gmt_modified
  </sql>

  <select id="getById" parameterType="java.lang.String" resultMap="BaseResultMap">
    select 
    <include refid="Base_Column_List" />
    from evaluate_contractor_relation
    where id = #{id,jdbcType=VARCHAR}
  </select>

  <select id="countByCondition" parameterType="map" resultType="long">
    SELECT COUNT(*) FROM evaluate_contractor_relation
    <include refid="select_condition" />
  </select>

  <sql id="select_condition">
    <where>
      <if test="id!=null">
        id=#{id}
      </if>
      <if test="sortNo!=null">
        AND sort_no=#{sortNo}
      </if>
      <if test="contractorTypeCode!=null">
        AND contractor_type_code=#{contractorTypeCode}
      </if>
      <if test="evalFormId!=null">
        AND eval_form_id=#{evalFormId}
      </if>
      <if test="evalWay!=null">
        AND eval_way=#{evalWay}
      </if>
      <if test="status!=null">
        AND status=#{status}
      </if>
      <if test="createBy!=null">
        AND create_by=#{createBy}
      </if>
      <if test="updateBy!=null">
        AND update_by=#{updateBy}
      </if>
      <if test="gmtCreate!=null">
        AND gmt_create=#{gmtCreate}
      </if>
      <if test="gmtModified!=null">
        AND gmt_modified=#{gmtModified}
      </if>
    </where>
  </sql>

  <select id="selectListByCondition" parameterType="map" resultType="com.spr.web.evaluate.dto.relation.EvaluateContractorRelationDTO">
    select 
      id AS id,
      sort_no AS sortNo,
      contractor_type_code AS contractorTypeCode,
      eval_form_id AS evalFormId,
      eval_way AS evalWay,
      status AS status,
      create_by AS createBy,
      update_by AS updateBy,
      gmt_create AS gmtCreate,
      gmt_modified AS gmtModified
    from evaluate_contractor_relation
    <include refid="select_condition" />
    <if test="sidx!=null and sord!=null">
      ORDER BY ${sidx} ${sord}
    </if>
    <if test="startQuery!=null and pageSize!=null">
      LIMIT #{startQuery},#{pageSize}  
    </if>
  </select>

  <select id="getDetailById" parameterType="java.lang.String" resultType="com.spr.web.evaluate.dto.relation.EvaluateContractorRelationDTO">
    SELECT 
      id AS id,
      sort_no AS sortNo,
      contractor_type_code AS contractorTypeCode,
      eval_form_id AS evalFormId,
      eval_way AS evalWay,
      status AS status,
      create_by AS createBy,
      update_by AS updateBy,
      gmt_create AS gmtCreate,
      gmt_modified AS gmtModified
    FROM evaluate_contractor_relation

    WHERE id = #{id,jdbcType=VARCHAR}
  </select>

  <delete id="deleteById" parameterType="java.lang.String">
    delete from evaluate_contractor_relation
    where id = #{id,jdbcType=VARCHAR}
  </delete>

  <insert id="insert" parameterType="com.spr.web.evaluate.entity.EvaluateContractorRelation">
    <selectKey keyProperty="id" order="BEFORE" resultType="java.lang.String">
      SELECT REPLACE(UUID(),'-','')
    </selectKey>
    insert into evaluate_contractor_relation (id, sort_no, contractor_type_code, 
      eval_form_id, eval_way, status, 
      create_by, update_by, gmt_create, 
      gmt_modified)
    values (#{id,jdbcType=VARCHAR}, #{sortNo,jdbcType=INTEGER}, #{contractorTypeCode,jdbcType=VARCHAR}, 
      #{evalFormId,jdbcType=VARCHAR}, #{evalWay,jdbcType=SMALLINT}, #{status,jdbcType=SMALLINT}, 
      #{createBy,jdbcType=VARCHAR}, #{updateBy,jdbcType=VARCHAR}, #{gmtCreate,jdbcType=TIMESTAMP}, 
      #{gmtModified,jdbcType=TIMESTAMP})
  </insert>

  <insert id="insertSelective" parameterType="com.spr.web.evaluate.entity.EvaluateContractorRelation">
    <selectKey keyProperty="id" order="BEFORE" resultType="java.lang.String">
      SELECT REPLACE(UUID(),'-','')
    </selectKey>
    insert into evaluate_contractor_relation
    <trim prefix="(" suffix=")" suffixOverrides=",">
      id,
      <if test="sortNo != null">
        sort_no,
      </if>
      <if test="contractorTypeCode != null">
        contractor_type_code,
      </if>
      <if test="evalFormId != null">
        eval_form_id,
      </if>
      <if test="evalWay != null">
        eval_way,
      </if>
      <if test="status != null">
        status,
      </if>
      <if test="createBy != null">
        create_by,
      </if>
      <if test="updateBy != null">
        update_by,
      </if>
      <if test="gmtCreate != null">
        gmt_create,
      </if>
      <if test="gmtModified != null">
        gmt_modified,
      </if>
    </trim>
    <trim prefix="values (" suffix=")" suffixOverrides=",">
      #{id,jdbcType=VARCHAR},
      <if test="sortNo != null">
        #{sortNo,jdbcType=INTEGER},
      </if>
      <if test="contractorTypeCode != null">
        #{contractorTypeCode,jdbcType=VARCHAR},
      </if>
      <if test="evalFormId != null">
        #{evalFormId,jdbcType=VARCHAR},
      </if>
      <if test="evalWay != null">
        #{evalWay,jdbcType=SMALLINT},
      </if>
      <if test="status != null">
        #{status,jdbcType=SMALLINT},
      </if>
      <if test="createBy != null">
        #{createBy,jdbcType=VARCHAR},
      </if>
      <if test="updateBy != null">
        #{updateBy,jdbcType=VARCHAR},
      </if>
      <if test="gmtCreate != null">
        #{gmtCreate,jdbcType=TIMESTAMP},
      </if>
      <if test="gmtModified != null">
        #{gmtModified,jdbcType=TIMESTAMP},
      </if>
    </trim>
  </insert>

  <update id="updateSelective" parameterType="com.spr.web.evaluate.entity.EvaluateContractorRelation">
    update evaluate_contractor_relation
    <set>
      <if test="sortNo != null">
        sort_no = #{sortNo,jdbcType=INTEGER},
      </if>
      <if test="contractorTypeCode != null">
        contractor_type_code = #{contractorTypeCode,jdbcType=VARCHAR},
      </if>
      <if test="evalFormId != null">
        eval_form_id = #{evalFormId,jdbcType=VARCHAR},
      </if>
      <if test="evalWay != null">
        eval_way = #{evalWay,jdbcType=SMALLINT},
      </if>
      <if test="status != null">
        status = #{status,jdbcType=SMALLINT},
      </if>
      <if test="createBy != null">
        create_by = #{createBy,jdbcType=VARCHAR},
      </if>
      <if test="updateBy != null">
        update_by = #{updateBy,jdbcType=VARCHAR},
      </if>
      <if test="gmtCreate != null">
        gmt_create = #{gmtCreate,jdbcType=TIMESTAMP},
      </if>
      <if test="gmtModified != null">
        gmt_modified = #{gmtModified,jdbcType=TIMESTAMP},
      </if>
    </set>
    where id = #{id,jdbcType=VARCHAR}
  </update>

  <update id="update" parameterType="com.spr.web.evaluate.entity.EvaluateContractorRelation">
    update evaluate_contractor_relation
    set sort_no = #{sortNo,jdbcType=INTEGER},
      contractor_type_code = #{contractorTypeCode,jdbcType=VARCHAR},
      eval_form_id = #{evalFormId,jdbcType=VARCHAR},
      eval_way = #{evalWay,jdbcType=SMALLINT},
      status = #{status,jdbcType=SMALLINT},
      create_by = #{createBy,jdbcType=VARCHAR},
      update_by = #{updateBy,jdbcType=VARCHAR},
      gmt_create = #{gmtCreate,jdbcType=TIMESTAMP},
      gmt_modified = #{gmtModified,jdbcType=TIMESTAMP}
    where id = #{id,jdbcType=VARCHAR}
  </update>
</mapper>